alert_id,timestamp,service_name,severity,alert_type,anomaly_score,metric_name,metric_value,baseline_value,anomaly_reason,suggested_investigation_area,deployment_version
ALT-fa4ef185f7,2026-06-26T18:00:00+00:00,auth-service,high,auth_failure_spike,0.442955,auth_failure_rate,0.061538,0.01967,auth_failure_rate=0.0615; baseline=0.0197; robust_z=4.78,"Inspect token validation, session expiry, and identity-provider dependencies.",2026.07.1
ALT-a050f1c6ed,2026-06-26T19:00:00+00:00,auth-service,high,error_rate_spike,0.498945,error_rate,0.017699,0.006489,error_rate=0.0177; baseline=0.0065; robust_z=2.88,"Inspect exceptions, dependency failures, and user-impacting error slices.",2026.07.1
ALT-badcb5540f,2026-06-26T19:00:00+00:00,auth-service,high,external_api_failure,0.498945,status_5xx_rate,0.017699,0.006489,status_5xx_rate=0.0177; baseline=0.0065; robust_z=2.88,Check third-party provider availability and fallback behavior.,2026.07.1
ALT-189d12fef4,2026-06-26T23:00:00+00:00,api-gateway,high,error_rate_spike,0.552091,error_rate,0.048387,0.015792,error_rate=0.0484; baseline=0.0158; robust_z=2.71,"Inspect exceptions, dependency failures, and user-impacting error slices.",2026.07.1
ALT-f9fe26b373,2026-06-26T23:00:00+00:00,api-gateway,high,external_api_failure,0.552091,status_5xx_rate,0.048387,0.015792,status_5xx_rate=0.0484; baseline=0.0158; robust_z=2.71,Check third-party provider availability and fallback behavior.,2026.07.1
ALT-8dd0bb001a,2026-06-27T05:00:00+00:00,api-gateway,medium,external_api_failure,0.444444,status_5xx_rate,0.030928,0.016362,status_5xx_rate=0.0309; baseline=0.0164; robust_z=1.47,Check third-party provider availability and fallback behavior.,2026.07.1
ALT-238922a729,2026-06-27T05:00:00+00:00,api-gateway,low,error_rate_spike,0.444444,error_rate,0.030928,0.016362,error_rate=0.0309; baseline=0.0164; robust_z=1.47,"Inspect exceptions, dependency failures, and user-impacting error slices.",2026.07.1
ALT-76f5a986ec,2026-06-27T09:00:00+00:00,api-gateway,medium,external_api_failure,0.430119,status_5xx_rate,0.029197,0.015698,status_5xx_rate=0.0292; baseline=0.0157; robust_z=1.47,Check third-party provider availability and fallback behavior.,2026.07.1
ALT-0d6fd9dd49,2026-06-27T09:00:00+00:00,api-gateway,low,error_rate_spike,0.430119,error_rate,0.029197,0.015698,error_rate=0.0292; baseline=0.0157; robust_z=1.47,"Inspect exceptions, dependency failures, and user-impacting error slices.",2026.07.1
ALT-9ecb6699f1,2026-06-27T10:00:00+00:00,auth-service,high,auth_failure_spike,0.47485,auth_failure_rate,0.06383,0.023637,auth_failure_rate=0.0638; baseline=0.0236; robust_z=2.55,"Inspect token validation, session expiry, and identity-provider dependencies.",2026.07.1
ALT-5b8feadda6,2026-06-27T23:00:00+00:00,api-gateway,medium,error_rate_spike,0.478711,error_rate,0.028571,0.012851,error_rate=0.0286; baseline=0.0129; robust_z=1.55,"Inspect exceptions, dependency failures, and user-impacting error slices.",2026.07.1
ALT-289dead09c,2026-06-27T23:00:00+00:00,api-gateway,medium,external_api_failure,0.478711,status_5xx_rate,0.028571,0.012851,status_5xx_rate=0.0286; baseline=0.0129; robust_z=1.55,Check third-party provider availability and fallback behavior.,2026.07.1
ALT-a2d7fb75b9,2026-06-28T02:00:00+00:00,payment-service,high,error_rate_spike,0.502132,error_rate,0.064516,0.016029,error_rate=0.0645; baseline=0.0160; robust_z=1.78,"Inspect exceptions, dependency failures, and user-impacting error slices.",2026.07.1
ALT-a465df7822,2026-06-28T02:00:00+00:00,payment-service,high,external_api_failure,0.502132,status_5xx_rate,0.064516,0.016029,status_5xx_rate=0.0645; baseline=0.0160; robust_z=1.78,Check third-party provider availability and fallback behavior.,2026.07.1
ALT-b9b96a21de,2026-06-28T04:00:00+00:00,api-gateway,medium,error_rate_spike,0.481032,error_rate,0.032967,0.013595,error_rate=0.0330; baseline=0.0136; robust_z=1.88,"Inspect exceptions, dependency failures, and user-impacting error slices.",2026.07.1
ALT-e8149f30c8,2026-06-28T04:00:00+00:00,api-gateway,medium,external_api_failure,0.481032,status_5xx_rate,0.032967,0.013595,status_5xx_rate=0.0330; baseline=0.0136; robust_z=1.88,Check third-party provider availability and fallback behavior.,2026.07.1
ALT-c3e19f0438,2026-06-28T06:00:00+00:00,api-gateway,medium,error_rate_spike,0.478468,error_rate,0.031915,0.012865,error_rate=0.0319; baseline=0.0129; robust_z=1.43,"Inspect exceptions, dependency failures, and user-impacting error slices.",2026.07.1
ALT-5187314f41,2026-06-28T06:00:00+00:00,api-gateway,medium,external_api_failure,0.478468,status_5xx_rate,0.031915,0.012865,status_5xx_rate=0.0319; baseline=0.0129; robust_z=1.43,Check third-party provider availability and fallback behavior.,2026.07.1
ALT-ef8c7c3a9b,2026-06-28T10:00:00+00:00,payment-service,high,error_rate_spike,0.53052,error_rate,0.061224,0.017754,error_rate=0.0612; baseline=0.0178; robust_z=1.68,"Inspect exceptions, dependency failures, and user-impacting error slices.",2026.07.1
ALT-aab94e7b63,2026-06-28T10:00:00+00:00,payment-service,high,external_api_failure,0.53052,status_5xx_rate,0.061224,0.017754,status_5xx_rate=0.0612; baseline=0.0178; robust_z=1.68,Check third-party provider availability and fallback behavior.,2026.07.1
ALT-b7042f118b,2026-06-28T16:00:00+00:00,auth-service,medium,auth_failure_spike,0.442121,auth_failure_rate,0.06087,0.027645,auth_failure_rate=0.0609; baseline=0.0276; robust_z=2.06,"Inspect token validation, session expiry, and identity-provider dependencies.",2026.07.1
ALT-7d1fce7081,2026-06-28T18:00:00+00:00,payment-service,medium,error_rate_spike,0.446207,error_rate,0.037736,0.016043,error_rate=0.0377; baseline=0.0160; robust_z=2.33,"Inspect exceptions, dependency failures, and user-impacting error slices.",2026.07.1
ALT-06683f9161,2026-06-28T18:00:00+00:00,payment-service,medium,external_api_failure,0.446207,status_5xx_rate,0.037736,0.016043,status_5xx_rate=0.0377; baseline=0.0160; robust_z=2.33,Check third-party provider availability and fallback behavior.,2026.07.1
ALT-73876e1433,2026-06-28T21:00:00+00:00,api-gateway,medium,error_rate_spike,0.429216,error_rate,0.023077,0.011326,error_rate=0.0231; baseline=0.0113; robust_z=1.65,"Inspect exceptions, dependency failures, and user-impacting error slices.",2026.07.1
ALT-5b3806918e,2026-06-28T21:00:00+00:00,api-gateway,medium,external_api_failure,0.429216,status_5xx_rate,0.023077,0.011326,status_5xx_rate=0.0231; baseline=0.0113; robust_z=1.65,Check third-party provider availability and fallback behavior.,2026.07.1
ALT-210457c151,2026-06-29T00:00:00+00:00,api-gateway,medium,error_rate_spike,0.43746,error_rate,0.025,0.011133,error_rate=0.0250; baseline=0.0111; robust_z=1.85,"Inspect exceptions, dependency failures, and user-impacting error slices.",2026.07.1
ALT-f85045f4ad,2026-06-29T00:00:00+00:00,api-gateway,medium,external_api_failure,0.43746,status_5xx_rate,0.025,0.011133,status_5xx_rate=0.0250; baseline=0.0111; robust_z=1.85,Check third-party provider availability and fallback behavior.,2026.07.1
ALT-a2dca0e5fa,2026-06-29T04:00:00+00:00,api-gateway,high,error_rate_spike,0.447144,error_rate,0.035088,0.009801,error_rate=0.0351; baseline=0.0098; robust_z=2.76,"Inspect exceptions, dependency failures, and user-impacting error slices.",2026.07.1
ALT-1019ae1616,2026-06-29T04:00:00+00:00,api-gateway,high,external_api_failure,0.447144,status_5xx_rate,0.035088,0.009801,status_5xx_rate=0.0351; baseline=0.0098; robust_z=2.76,Check third-party provider availability and fallback behavior.,2026.07.1
ALT-0d3cd87050,2026-06-29T06:00:00+00:00,api-gateway,medium,error_rate_spike,0.421169,error_rate,0.022901,0.01015,error_rate=0.0229; baseline=0.0101; robust_z=1.50,"Inspect exceptions, dependency failures, and user-impacting error slices.",2026.07.1
ALT-8d817e391b,2026-06-29T06:00:00+00:00,api-gateway,medium,external_api_failure,0.421169,status_5xx_rate,0.022901,0.01015,status_5xx_rate=0.0229; baseline=0.0101; robust_z=1.50,Check third-party provider availability and fallback behavior.,2026.07.1
ALT-422903283e,2026-06-29T11:00:00+00:00,api-gateway,medium,error_rate_spike,0.39172,error_rate,0.024876,0.011112,error_rate=0.0249; baseline=0.0111; robust_z=1.49,"Inspect exceptions, dependency failures, and user-impacting error slices.",2026.07.2
ALT-eb6ae6bf7e,2026-06-29T11:00:00+00:00,api-gateway,medium,external_api_failure,0.39172,status_5xx_rate,0.024876,0.011112,status_5xx_rate=0.0249; baseline=0.0111; robust_z=1.49,Check third-party provider availability and fallback behavior.,2026.07.2
ALT-ed6ef99c43,2026-06-29T22:00:00+00:00,auth-service,high,error_rate_spike,0.487768,error_rate,0.019417,0.005961,error_rate=0.0194; baseline=0.0060; robust_z=3.15,"Inspect exceptions, dependency failures, and user-impacting error slices.",2026.07.1
ALT-d1aa9c6c84,2026-06-29T22:00:00+00:00,auth-service,high,external_api_failure,0.487768,status_5xx_rate,0.019417,0.005961,status_5xx_rate=0.0194; baseline=0.0060; robust_z=3.15,Check third-party provider availability and fallback behavior.,2026.07.1
ALT-77a65f42ad,2026-06-30T00:00:00+00:00,api-gateway,high,auth_failure_spike,0.448765,auth_failure_rate,0.033898,0.007148,auth_failure_rate=0.0339; baseline=0.0071; robust_z=6.17,"Inspect token validation, session expiry, and identity-provider dependencies.",2026.07.2
ALT-3d4b1413df,2026-06-30T03:00:00+00:00,api-gateway,high,error_rate_spike,0.468881,error_rate,0.037736,0.014528,error_rate=0.0377; baseline=0.0145; robust_z=3.76,"Inspect exceptions, dependency failures, and user-impacting error slices.",2026.07.2
ALT-b9f93930f6,2026-06-30T03:00:00+00:00,api-gateway,high,external_api_failure,0.468881,status_5xx_rate,0.037736,0.014528,status_5xx_rate=0.0377; baseline=0.0145; robust_z=3.76,Check third-party provider availability and fallback behavior.,2026.07.2
ALT-1e59bea5ea,2026-06-30T04:00:00+00:00,api-gateway,high,error_rate_spike,0.612277,error_rate,0.056604,0.015425,error_rate=0.0566; baseline=0.0154; robust_z=6.61; Isolation Forest also flagged this row,"Inspect exceptions, dependency failures, and user-impacting error slices.",2026.07.2
ALT-3c50ca3200,2026-06-30T04:00:00+00:00,api-gateway,high,external_api_failure,0.612277,status_5xx_rate,0.056604,0.015425,status_5xx_rate=0.0566; baseline=0.0154; robust_z=6.61; Isolation Forest also flagged this row,Check third-party provider availability and fallback behavior.,2026.07.2
ALT-ee32d5fe8f,2026-06-30T05:00:00+00:00,auth-service,high,error_rate_spike,0.585854,error_rate,0.027397,0.007035,error_rate=0.0274; baseline=0.0070; robust_z=4.72; Isolation Forest also flagged this row,"Inspect exceptions, dependency failures, and user-impacting error slices.",2026.07.1
ALT-bae9c42eb3,2026-06-30T05:00:00+00:00,auth-service,high,external_api_failure,0.585854,status_5xx_rate,0.027397,0.007035,status_5xx_rate=0.0274; baseline=0.0070; robust_z=4.72; Isolation Forest also flagged this row,Check third-party provider availability and fallback behavior.,2026.07.1
ALT-86adcbfa62,2026-06-30T10:00:00+00:00,auth-service,high,auth_failure_spike,0.448946,auth_failure_rate,0.058824,0.023334,auth_failure_rate=0.0588; baseline=0.0233; robust_z=2.78; deployment changed in this hour,"Inspect token validation, session expiry, and identity-provider dependencies.",2026.07.2
ALT-2d28013ae8,2026-06-30T19:00:00+00:00,payment-service,medium,error_rate_spike,0.402444,error_rate,0.030769,0.011274,error_rate=0.0308; baseline=0.0113; robust_z=2.52,"Inspect exceptions, dependency failures, and user-impacting error slices.",2026.07.2
ALT-8cf4be0047,2026-06-30T19:00:00+00:00,payment-service,high,external_api_failure,0.402444,status_5xx_rate,0.030769,0.011274,status_5xx_rate=0.0308; baseline=0.0113; robust_z=2.52,Check third-party provider availability and fallback behavior.,2026.07.2
ALT-49c6cbae83,2026-06-30T23:00:00+00:00,payment-service,medium,error_rate_spike,0.396665,error_rate,0.022222,0.01091,error_rate=0.0222; baseline=0.0109; robust_z=1.63,"Inspect exceptions, dependency failures, and user-impacting error slices.",2026.07.2
ALT-12d9ead7ba,2026-06-30T23:00:00+00:00,payment-service,medium,external_api_failure,0.396665,status_5xx_rate,0.022222,0.01091,status_5xx_rate=0.0222; baseline=0.0109; robust_z=1.63,Check third-party provider availability and fallback behavior.,2026.07.2
ALT-78b8762eeb,2026-07-01T00:00:00+00:00,api-gateway,medium,error_rate_spike,0.394712,error_rate,0.025424,0.01369,error_rate=0.0254; baseline=0.0137; robust_z=2.53,"Inspect exceptions, dependency failures, and user-impacting error slices.",2026.07.2
ALT-db33a9595e,2026-07-01T00:00:00+00:00,api-gateway,medium,external_api_failure,0.394712,status_5xx_rate,0.025424,0.01369,status_5xx_rate=0.0254; baseline=0.0137; robust_z=2.53,Check third-party provider availability and fallback behavior.,2026.07.2
ALT-cc83a1b37c,2026-07-01T01:00:00+00:00,api-gateway,medium,error_rate_spike,0.403904,error_rate,0.027778,0.014455,error_rate=0.0278; baseline=0.0145; robust_z=2.40,"Inspect exceptions, dependency failures, and user-impacting error slices.",2026.07.2
ALT-b9febd17b4,2026-07-01T01:00:00+00:00,api-gateway,medium,external_api_failure,0.403904,status_5xx_rate,0.027778,0.014455,status_5xx_rate=0.0278; baseline=0.0145; robust_z=2.40,Check third-party provider availability and fallback behavior.,2026.07.2
ALT-f8bbf60c7a,2026-07-01T04:00:00+00:00,auth-service,high,error_rate_spike,0.60541,error_rate,0.027397,0.007505,error_rate=0.0274; baseline=0.0075; robust_z=1.81; Isolation Forest also flagged this row,"Inspect exceptions, dependency failures, and user-impacting error slices.",2026.07.2
ALT-4c6cdcf687,2026-07-01T04:00:00+00:00,auth-service,high,external_api_failure,0.60541,status_5xx_rate,0.027397,0.007505,status_5xx_rate=0.0274; baseline=0.0075; robust_z=1.81; Isolation Forest also flagged this row,Check third-party provider availability and fallback behavior.,2026.07.2
ALT-338b64025b,2026-07-01T05:00:00+00:00,api-gateway,medium,error_rate_spike,0.424954,error_rate,0.02459,0.011148,error_rate=0.0246; baseline=0.0111; robust_z=1.89,"Inspect exceptions, dependency failures, and user-impacting error slices.",2026.07.2
ALT-4ab5f26e93,2026-07-01T05:00:00+00:00,api-gateway,medium,external_api_failure,0.424954,status_5xx_rate,0.02459,0.011148,status_5xx_rate=0.0246; baseline=0.0111; robust_z=1.89,Check third-party provider availability and fallback behavior.,2026.07.2
ALT-84219f2439,2026-07-01T06:00:00+00:00,auth-service,high,auth_failure_spike,0.418153,auth_failure_rate,0.056818,0.020483,auth_failure_rate=0.0568; baseline=0.0205; robust_z=3.13,"Inspect token validation, session expiry, and identity-provider dependencies.",2026.07.2
ALT-af4e8dffa8,2026-07-01T13:00:00+00:00,auth-service,medium,auth_failure_spike,0.457223,auth_failure_rate,0.040816,0.018395,auth_failure_rate=0.0408; baseline=0.0184; robust_z=2.39,"Inspect token validation, session expiry, and identity-provider dependencies.",2026.07.2
ALT-ba59690d28,2026-07-01T19:00:00+00:00,api-gateway,medium,error_rate_spike,0.403868,error_rate,0.026042,0.012103,error_rate=0.0260; baseline=0.0121; robust_z=1.61,"Inspect exceptions, dependency failures, and user-impacting error slices.",2026.07.2
ALT-527da10dd8,2026-07-01T19:00:00+00:00,api-gateway,medium,external_api_failure,0.403868,status_5xx_rate,0.026042,0.012103,status_5xx_rate=0.0260; baseline=0.0121; robust_z=1.61,Check third-party provider availability and fallback behavior.,2026.07.2
ALT-8eefafd99d,2026-07-01T21:00:00+00:00,payment-service,medium,error_rate_spike,0.451156,error_rate,0.02,0.009291,error_rate=0.0200; baseline=0.0093; robust_z=1.46,"Inspect exceptions, dependency failures, and user-impacting error slices.",2026.07.2
ALT-f3700c97d2,2026-07-01T21:00:00+00:00,payment-service,medium,external_api_failure,0.451156,status_5xx_rate,0.02,0.009291,status_5xx_rate=0.0200; baseline=0.0093; robust_z=1.46,Check third-party provider availability and fallback behavior.,2026.07.2
ALT-ef57ad8228,2026-07-02T00:00:00+00:00,auth-service,high,auth_failure_spike,0.513758,auth_failure_rate,0.05,0.018527,auth_failure_rate=0.0500; baseline=0.0185; robust_z=2.76,"Inspect token validation, session expiry, and identity-provider dependencies.",2026.07.2
ALT-03f8885046,2026-07-02T03:00:00+00:00,api-gateway,medium,error_rate_spike,0.434068,error_rate,0.027523,0.012632,error_rate=0.0275; baseline=0.0126; robust_z=1.94,"Inspect exceptions, dependency failures, and user-impacting error slices.",2026.07.2
ALT-a40d0b13cb,2026-07-02T03:00:00+00:00,api-gateway,medium,external_api_failure,0.434068,status_5xx_rate,0.027523,0.012632,status_5xx_rate=0.0275; baseline=0.0126; robust_z=1.94,Check third-party provider availability and fallback behavior.,2026.07.2
ALT-ef2f54c162,2026-07-02T06:00:00+00:00,api-gateway,high,auth_failure_spike,0.508374,auth_failure_rate,0.041667,0.007679,auth_failure_rate=0.0417; baseline=0.0077; robust_z=7.66,"Inspect token validation, session expiry, and identity-provider dependencies.",2026.07.2
ALT-b8e2c06f36,2026-07-02T09:00:00+00:00,api-gateway,medium,error_rate_spike,0.419463,error_rate,0.03125,0.014649,error_rate=0.0312; baseline=0.0146; robust_z=1.81,"Inspect exceptions, dependency failures, and user-impacting error slices.",2026.07.3
ALT-8ab459d8e5,2026-07-02T09:00:00+00:00,api-gateway,medium,external_api_failure,0.419463,status_5xx_rate,0.03125,0.014649,status_5xx_rate=0.0312; baseline=0.0146; robust_z=1.81,Check third-party provider availability and fallback behavior.,2026.07.3
ALT-d48f3a0293,2026-07-02T16:00:00+00:00,api-gateway,low,error_rate_spike,0.397917,error_rate,0.026549,0.014699,error_rate=0.0265; baseline=0.0147; robust_z=1.68,"Inspect exceptions, dependency failures, and user-impacting error slices.",2026.07.3
ALT-74b64773c9,2026-07-02T16:00:00+00:00,api-gateway,low,external_api_failure,0.397917,status_5xx_rate,0.026549,0.014699,status_5xx_rate=0.0265; baseline=0.0147; robust_z=1.68,Check third-party provider availability and fallback behavior.,2026.07.3
ALT-5126a69ef0,2026-07-02T21:00:00+00:00,payment-service,high,error_rate_spike,0.517806,error_rate,0.072727,0.01258,error_rate=0.0727; baseline=0.0126; robust_z=3.17,"Inspect exceptions, dependency failures, and user-impacting error slices.",2026.07.3
ALT-a4273f39be,2026-07-02T21:00:00+00:00,payment-service,high,external_api_failure,0.517806,status_5xx_rate,0.072727,0.01258,status_5xx_rate=0.0727; baseline=0.0126; robust_z=3.17,Check third-party provider availability and fallback behavior.,2026.07.3
ALT-467c1d6902,2026-07-02T23:00:00+00:00,payment-service,high,error_rate_spike,0.535496,error_rate,0.069767,0.016321,error_rate=0.0698; baseline=0.0163; robust_z=2.81,"Inspect exceptions, dependency failures, and user-impacting error slices.",2026.07.3
ALT-6ec383effe,2026-07-02T23:00:00+00:00,payment-service,high,external_api_failure,0.535496,status_5xx_rate,0.069767,0.016321,status_5xx_rate=0.0698; baseline=0.0163; robust_z=2.81,Check third-party provider availability and fallback behavior.,2026.07.3
ALT-68da847738,2026-07-03T00:00:00+00:00,payment-service,high,error_rate_spike,0.539942,error_rate,0.051282,0.018457,error_rate=0.0513; baseline=0.0185; robust_z=1.87,"Inspect exceptions, dependency failures, and user-impacting error slices.",2026.07.3
ALT-98645bfbfb,2026-07-03T00:00:00+00:00,payment-service,high,external_api_failure,0.539942,status_5xx_rate,0.051282,0.018457,status_5xx_rate=0.0513; baseline=0.0185; robust_z=1.87,Check third-party provider availability and fallback behavior.,2026.07.3
ALT-e71cb4873c,2026-07-03T05:00:00+00:00,payment-service,high,error_rate_spike,0.611074,error_rate,0.095238,0.022409,error_rate=0.0952; baseline=0.0224; robust_z=3.95; Isolation Forest also flagged this row,"Inspect exceptions, dependency failures, and user-impacting error slices.",2026.07.3
ALT-f7e07ae975,2026-07-03T05:00:00+00:00,payment-service,high,external_api_failure,0.611074,status_5xx_rate,0.095238,0.022409,status_5xx_rate=0.0952; baseline=0.0224; robust_z=3.95; Isolation Forest also flagged this row,Check third-party provider availability and fallback behavior.,2026.07.3
ALT-629425c244,2026-07-03T17:00:00+00:00,api-gateway,high,error_rate_spike,0.398089,error_rate,0.025381,0.009364,error_rate=0.0254; baseline=0.0094; robust_z=3.34,"Inspect exceptions, dependency failures, and user-impacting error slices.",2026.07.3
ALT-11cb5f9d90,2026-07-03T17:00:00+00:00,api-gateway,high,external_api_failure,0.398089,status_5xx_rate,0.025381,0.009364,status_5xx_rate=0.0254; baseline=0.0094; robust_z=3.34,Check third-party provider availability and fallback behavior.,2026.07.3
ALT-450593dda5,2026-07-03T19:00:00+00:00,api-gateway,high,error_rate_spike,0.388664,error_rate,0.020619,0.008678,error_rate=0.0206; baseline=0.0087; robust_z=3.36,"Inspect exceptions, dependency failures, and user-impacting error slices.",2026.07.3
ALT-a4dc0c8111,2026-07-03T19:00:00+00:00,api-gateway,high,external_api_failure,0.388664,status_5xx_rate,0.020619,0.008678,status_5xx_rate=0.0206; baseline=0.0087; robust_z=3.36,Check third-party provider availability and fallback behavior.,2026.07.3
ALT-5baa313918,2026-07-03T19:00:00+00:00,recommendation-service,high,error_rate_spike,0.692902,error_rate,0.04,0.00916,error_rate=0.0400; baseline=0.0092; robust_z=4.72; overlaps synthetic known incident window; Isolation Forest also flagged this row,"Inspect exceptions, dependency failures, and user-impacting error slices.",2026.07.2
ALT-8236aa2f8c,2026-07-03T19:00:00+00:00,recommendation-service,high,external_api_failure,0.692902,status_5xx_rate,0.04,0.00916,status_5xx_rate=0.0400; baseline=0.0092; robust_z=4.72; overlaps synthetic known incident window; Isolation Forest also flagged this row,Check third-party provider availability and fallback behavior.,2026.07.2
ALT-73fbb74815,2026-07-03T20:00:00+00:00,api-gateway,high,error_rate_spike,0.392706,error_rate,0.018405,0.008248,error_rate=0.0184; baseline=0.0082; robust_z=2.81,"Inspect exceptions, dependency failures, and user-impacting error slices.",2026.07.3
ALT-eb1f876509,2026-07-03T20:00:00+00:00,api-gateway,high,external_api_failure,0.392706,status_5xx_rate,0.018405,0.008248,status_5xx_rate=0.0184; baseline=0.0082; robust_z=2.81,Check third-party provider availability and fallback behavior.,2026.07.3
ALT-0344760ae1,2026-07-03T22:00:00+00:00,payment-service,high,error_rate_spike,0.565108,error_rate,0.085106,0.024048,error_rate=0.0851; baseline=0.0240; robust_z=2.63,"Inspect exceptions, dependency failures, and user-impacting error slices.",2026.07.3
ALT-156690c1bb,2026-07-03T22:00:00+00:00,payment-service,high,external_api_failure,0.565108,status_5xx_rate,0.085106,0.024048,status_5xx_rate=0.0851; baseline=0.0240; robust_z=2.63,Check third-party provider availability and fallback behavior.,2026.07.3
ALT-3576bf0e54,2026-07-03T22:00:00+00:00,recommendation-service,high,error_rate_spike,0.709998,error_rate,0.029851,0.009863,error_rate=0.0299; baseline=0.0099; robust_z=3.35; overlaps synthetic known incident window; Isolation Forest also flagged this row,"Inspect exceptions, dependency failures, and user-impacting error slices.",2026.07.2
ALT-68d5825628,2026-07-03T22:00:00+00:00,recommendation-service,high,external_api_failure,0.709998,status_5xx_rate,0.029851,0.009863,status_5xx_rate=0.0299; baseline=0.0099; robust_z=3.35; overlaps synthetic known incident window; Isolation Forest also flagged this row,Check third-party provider availability and fallback behavior.,2026.07.2
ALT-aad3904580,2026-07-03T23:00:00+00:00,api-gateway,high,error_rate_spike,0.414915,error_rate,0.023622,0.009302,error_rate=0.0236; baseline=0.0093; robust_z=3.71,"Inspect exceptions, dependency failures, and user-impacting error slices.",2026.07.3
ALT-03dc6264fa,2026-07-03T23:00:00+00:00,api-gateway,high,external_api_failure,0.414915,status_5xx_rate,0.023622,0.009302,status_5xx_rate=0.0236; baseline=0.0093; robust_z=3.71,Check third-party provider availability and fallback behavior.,2026.07.3
ALT-f310ee4c42,2026-07-04T00:00:00+00:00,recommendation-service,high,error_rate_spike,0.711922,error_rate,0.044444,0.011714,error_rate=0.0444; baseline=0.0117; robust_z=2.25; overlaps synthetic known incident window; Isolation Forest also flagged this row,"Inspect exceptions, dependency failures, and user-impacting error slices.",2026.07.2
ALT-e1626afc28,2026-07-04T00:00:00+00:00,recommendation-service,high,latency_spike,0.711922,p95_latency_ms,261.846,188.3795,p95_latency_ms=261.8460; baseline=188.3795; robust_z=6.50; overlaps synthetic known incident window; Isolation Forest also flagged this row,"Compare recent releases, top slow endpoints, and upstream dependency latency.",2026.07.2
ALT-ae0d8b45e0,2026-07-04T00:00:00+00:00,recommendation-service,high,external_api_failure,0.711922,status_5xx_rate,0.044444,0.011714,status_5xx_rate=0.0444; baseline=0.0117; robust_z=2.25; overlaps synthetic known incident window; Isolation Forest also flagged this row,Check third-party provider availability and fallback behavior.,2026.07.2
ALT-f045f5a277,2026-07-04T01:00:00+00:00,recommendation-service,high,latency_spike,0.714951,p95_latency_ms,284.853,193.283625,p95_latency_ms=284.8530; baseline=193.2836; robust_z=7.39; overlaps synthetic known incident window; Isolation Forest also flagged this row,"Compare recent releases, top slow endpoints, and upstream dependency latency.",2026.07.2
ALT-03aca72c0d,2026-07-04T04:00:00+00:00,api-gateway,high,error_rate_spike,0.455637,error_rate,0.031915,0.010233,error_rate=0.0319; baseline=0.0102; robust_z=5.02,"Inspect exceptions, dependency failures, and user-impacting error slices.",2026.07.3
ALT-efb5539dc0,2026-07-04T04:00:00+00:00,api-gateway,high,external_api_failure,0.455637,status_5xx_rate,0.031915,0.010233,status_5xx_rate=0.0319; baseline=0.0102; robust_z=5.02,Check third-party provider availability and fallback behavior.,2026.07.3
ALT-7eef954702,2026-07-04T09:00:00+00:00,api-gateway,medium,error_rate_spike,0.39198,error_rate,0.022556,0.01023,error_rate=0.0226; baseline=0.0102; robust_z=2.65,"Inspect exceptions, dependency failures, and user-impacting error slices.",2026.07.3
ALT-4b39048a2d,2026-07-04T09:00:00+00:00,api-gateway,high,external_api_failure,0.39198,status_5xx_rate,0.022556,0.01023,status_5xx_rate=0.0226; baseline=0.0102; robust_z=2.65,Check third-party provider availability and fallback behavior.,2026.07.3
ALT-d7116bc62a,2026-07-04T10:00:00+00:00,payment-service,high,latency_spike,0.646464,p95_latency_ms,349.8515,199.533708,p95_latency_ms=349.8515; baseline=199.5337; robust_z=23.48; overlaps synthetic known incident window; Isolation Forest also flagged this row,"Compare recent releases, top slow endpoints, and upstream dependency latency.",2026.07.3
ALT-98e25d5ee2,2026-07-04T10:00:00+00:00,api-gateway,critical,error_rate_spike,0.703851,error_rate,0.099291,0.014146,error_rate=0.0993; baseline=0.0141; robust_z=12.35; overlaps synthetic known incident window; Isolation Forest also flagged this row,"Inspect exceptions, dependency failures, and user-impacting error slices.",2026.07.3
ALT-2fb943e7f0,2026-07-04T10:00:00+00:00,api-gateway,critical,latency_spike,0.703851,p95_latency_ms,300.72,137.717667,p95_latency_ms=300.7200; baseline=137.7177; robust_z=37.72; overlaps synthetic known incident window; Isolation Forest also flagged this row,"Compare recent releases, top slow endpoints, and upstream dependency latency.",2026.07.3
ALT-2b6045f1de,2026-07-04T10:00:00+00:00,api-gateway,critical,db_latency_spike,0.703851,avg_db_latency_ms,71.143121,25.929997,avg_db_latency_ms=71.1431; baseline=25.9300; robust_z=195.86; overlaps synthetic known incident window; Isolation Forest also flagged this row,"Check slow queries, connection pool saturation, and lock contention.",2026.07.3
ALT-c2643d1e7b,2026-07-04T10:00:00+00:00,api-gateway,critical,external_api_failure,0.703851,status_5xx_rate,0.099291,0.014146,status_5xx_rate=0.0993; baseline=0.0141; robust_z=12.35; overlaps synthetic known incident window; Isolation Forest also flagged this row,Check third-party provider availability and fallback behavior.,2026.07.3
ALT-7af29b960b,2026-07-04T10:00:00+00:00,database-service,critical,latency_spike,0.723678,p95_latency_ms,237.663,69.610854,p95_latency_ms=237.6630; baseline=69.6109; robust_z=55.59; overlaps synthetic known incident window; Isolation Forest also flagged this row,"Compare recent releases, top slow endpoints, and upstream dependency latency.",2026.07.3
ALT-f3b033f3db,2026-07-04T10:00:00+00:00,database-service,critical,db_latency_spike,0.723678,avg_db_latency_ms,68.168,16.24863,avg_db_latency_ms=68.1680; baseline=16.2486; robust_z=131.55; overlaps synthetic known incident window; Isolation Forest also flagged this row,"Check slow queries, connection pool saturation, and lock contention.",2026.07.3
ALT-eb76a1df23,2026-07-04T11:00:00+00:00,api-gateway,critical,error_rate_spike,0.727606,error_rate,0.165644,0.02084,error_rate=0.1656; baseline=0.0208; robust_z=15.06; overlaps synthetic known incident window; Isolation Forest also flagged this row,"Inspect exceptions, dependency failures, and user-impacting error slices.",2026.07.3
ALT-fe0846a794,2026-07-04T11:00:00+00:00,api-gateway,critical,latency_spike,0.727606,p95_latency_ms,295.671,144.491458,p95_latency_ms=295.6710; baseline=144.4915; robust_z=34.63; overlaps synthetic known incident window; Isolation Forest also flagged this row,"Compare recent releases, top slow endpoints, and upstream dependency latency.",2026.07.3
ALT-81282f60be,2026-07-04T11:00:00+00:00,api-gateway,critical,db_latency_spike,0.727606,avg_db_latency_ms,88.088589,28.591159,avg_db_latency_ms=88.0886; baseline=28.5912; robust_z=266.18; overlaps synthetic known incident window; Isolation Forest also flagged this row,"Check slow queries, connection pool saturation, and lock contention.",2026.07.3
ALT-266b15d8f5,2026-07-04T11:00:00+00:00,api-gateway,critical,external_api_failure,0.727606,status_5xx_rate,0.165644,0.02084,status_5xx_rate=0.1656; baseline=0.0208; robust_z=15.06; overlaps synthetic known incident window; Isolation Forest also flagged this row,Check third-party provider availability and fallback behavior.,2026.07.3
ALT-3519b4cf84,2026-07-04T11:00:00+00:00,database-service,critical,latency_spike,0.744329,p95_latency_ms,238.02,76.997104,p95_latency_ms=238.0200; baseline=76.9971; robust_z=47.49; overlaps synthetic known incident window; Isolation Forest also flagged this row,"Compare recent releases, top slow endpoints, and upstream dependency latency.",2026.07.3
ALT-adc4fbddfd,2026-07-04T11:00:00+00:00,database-service,critical,db_latency_spike,0.744329,avg_db_latency_ms,49.055366,17.719388,avg_db_latency_ms=49.0554; baseline=17.7194; robust_z=85.51; overlaps synthetic known incident window; Isolation Forest also flagged this row,"Check slow queries, connection pool saturation, and lock contention.",2026.07.3
ALT-3629ee4913,2026-07-04T11:00:00+00:00,payment-service,critical,latency_spike,0.656494,p95_latency_ms,357.212,206.270208,p95_latency_ms=357.2120; baseline=206.2702; robust_z=23.12; overlaps synthetic known incident window; Isolation Forest also flagged this row,"Compare recent releases, top slow endpoints, and upstream dependency latency.",2026.07.3
ALT-faedca094d,2026-07-04T11:00:00+00:00,payment-service,critical,db_latency_spike,0.656494,avg_db_latency_ms,73.495283,35.013254,avg_db_latency_ms=73.4953; baseline=35.0133; robust_z=78.14; overlaps synthetic known incident window; Isolation Forest also flagged this row,"Check slow queries, connection pool saturation, and lock contention.",2026.07.3
ALT-4bdf4662b8,2026-07-04T12:00:00+00:00,payment-service,high,latency_spike,0.669036,p95_latency_ms,352.5,212.564625,p95_latency_ms=352.5000; baseline=212.5646; robust_z=22.46; overlaps synthetic known incident window; Isolation Forest also flagged this row,"Compare recent releases, top slow endpoints, and upstream dependency latency.",2026.07.3
ALT-0c0bc0f1c6,2026-07-04T12:00:00+00:00,payment-service,high,db_latency_spike,0.669036,avg_db_latency_ms,72.02629,36.690042,avg_db_latency_ms=72.0263; baseline=36.6900; robust_z=69.43; overlaps synthetic known incident window; Isolation Forest also flagged this row,"Check slow queries, connection pool saturation, and lock contention.",2026.07.3
ALT-7bc77dd781,2026-07-04T12:00:00+00:00,api-gateway,critical,error_rate_spike,0.686779,error_rate,0.152047,0.02698,error_rate=0.1520; baseline=0.0270; robust_z=10.42; overlaps synthetic known incident window; Isolation Forest also flagged this row,"Inspect exceptions, dependency failures, and user-impacting error slices.",2026.07.3
ALT-d0c47a1db5,2026-07-04T12:00:00+00:00,api-gateway,critical,latency_spike,0.686779,p95_latency_ms,303.315,151.50975,p95_latency_ms=303.3150; baseline=151.5097; robust_z=36.24; overlaps synthetic known incident window; Isolation Forest also flagged this row,"Compare recent releases, top slow endpoints, and upstream dependency latency.",2026.07.3
ALT-c463a50a46,2026-07-04T12:00:00+00:00,api-gateway,critical,db_latency_spike,0.686779,avg_db_latency_ms,76.365556,30.754996,avg_db_latency_ms=76.3656; baseline=30.7550; robust_z=217.53; overlaps synthetic known incident window; Isolation Forest also flagged this row,"Check slow queries, connection pool saturation, and lock contention.",2026.07.3
ALT-bb8e16b73e,2026-07-04T12:00:00+00:00,api-gateway,critical,external_api_failure,0.686779,status_5xx_rate,0.152047,0.02698,status_5xx_rate=0.1520; baseline=0.0270; robust_z=10.42; overlaps synthetic known incident window; Isolation Forest also flagged this row,Check third-party provider availability and fallback behavior.,2026.07.3
ALT-310dabc034,2026-07-04T12:00:00+00:00,database-service,critical,latency_spike,0.710008,p95_latency_ms,241.0785,84.488708,p95_latency_ms=241.0785; baseline=84.4887; robust_z=46.36; overlaps synthetic known incident window; Isolation Forest also flagged this row,"Compare recent releases, top slow endpoints, and upstream dependency latency.",2026.07.3
ALT-7fd111ce83,2026-07-04T12:00:00+00:00,database-service,critical,db_latency_spike,0.710008,avg_db_latency_ms,49.290909,19.196934,avg_db_latency_ms=49.2909; baseline=19.1969; robust_z=93.49; overlaps synthetic known incident window; Isolation Forest also flagged this row,"Check slow queries, connection pool saturation, and lock contention.",2026.07.3
ALT-60acc7be5d,2026-07-04T13:00:00+00:00,payment-service,high,latency_spike,0.689806,p95_latency_ms,369.827,219.999417,p95_latency_ms=369.8270; baseline=219.9994; robust_z=18.50; overlaps synthetic known incident window; Isolation Forest also flagged this row,"Compare recent releases, top slow endpoints, and upstream dependency latency.",2026.07.3
ALT-6bde58b0bf,2026-07-04T13:00:00+00:00,payment-service,high,external_api_failure,0.689806,status_5xx_rate,0.079365,0.020667,status_5xx_rate=0.0794; baseline=0.0207; robust_z=3.06; overlaps synthetic known incident window; Isolation Forest also flagged this row,Check third-party provider availability and fallback behavior.,2026.07.3
ALT-686a757215,2026-07-04T13:00:00+00:00,api-gateway,critical,error_rate_spike,0.686394,error_rate,0.115183,0.031579,error_rate=0.1152; baseline=0.0316; robust_z=6.85; overlaps synthetic known incident window; Isolation Forest also flagged this row,"Inspect exceptions, dependency failures, and user-impacting error slices.",2026.07.3
ALT-be6087cd62,2026-07-04T13:00:00+00:00,api-gateway,critical,latency_spike,0.686394,p95_latency_ms,303.035,158.465313,p95_latency_ms=303.0350; baseline=158.4653; robust_z=36.18; overlaps synthetic known incident window; Isolation Forest also flagged this row,"Compare recent releases, top slow endpoints, and upstream dependency latency.",2026.07.3
ALT-3218999a4e,2026-07-04T13:00:00+00:00,api-gateway,critical,db_latency_spike,0.686394,avg_db_latency_ms,73.472827,32.822435,avg_db_latency_ms=73.4728; baseline=32.8224; robust_z=176.08; overlaps synthetic known incident window; Isolation Forest also flagged this row,"Check slow queries, connection pool saturation, and lock contention.",2026.07.3
ALT-53d9022f17,2026-07-04T13:00:00+00:00,api-gateway,critical,external_api_failure,0.686394,status_5xx_rate,0.115183,0.031579,status_5xx_rate=0.1152; baseline=0.0316; robust_z=6.85; overlaps synthetic known incident window; Isolation Forest also flagged this row,Check third-party provider availability and fallback behavior.,2026.07.3
ALT-b5e7dbb0da,2026-07-04T13:00:00+00:00,database-service,critical,latency_spike,0.703526,p95_latency_ms,241.04,91.959333,p95_latency_ms=241.0400; baseline=91.9593; robust_z=40.08; overlaps synthetic known incident window; Isolation Forest also flagged this row,"Compare recent releases, top slow endpoints, and upstream dependency latency.",2026.07.3
ALT-fd0ed52eee,2026-07-04T13:00:00+00:00,database-service,critical,db_latency_spike,0.703526,avg_db_latency_ms,67.229333,21.390457,avg_db_latency_ms=67.2293; baseline=21.3905; robust_z=141.19; overlaps synthetic known incident window; Isolation Forest also flagged this row,"Check slow queries, connection pool saturation, and lock contention.",2026.07.3
ALT-eb262d6ea8,2026-07-04T13:00:00+00:00,payment-service,critical,error_rate_spike,0.689806,error_rate,0.079365,0.020667,error_rate=0.0794; baseline=0.0207; robust_z=3.06; overlaps synthetic known incident window; Isolation Forest also flagged this row,"Inspect exceptions, dependency failures, and user-impacting error slices.",2026.07.3
ALT-c119428bb8,2026-07-04T14:00:00+00:00,payment-service,high,latency_spike,0.674303,p95_latency_ms,360.27,227.307125,p95_latency_ms=360.2700; baseline=227.3071; robust_z=15.44; overlaps synthetic known incident window; Isolation Forest also flagged this row,"Compare recent releases, top slow endpoints, and upstream dependency latency.",2026.07.3
ALT-f0974352ad,2026-07-04T14:00:00+00:00,payment-service,high,external_api_failure,0.674303,status_5xx_rate,0.081967,0.022437,status_5xx_rate=0.0820; baseline=0.0224; robust_z=3.18; overlaps synthetic known incident window; Isolation Forest also flagged this row,Check third-party provider availability and fallback behavior.,2026.07.3
ALT-8eb4d4838f,2026-07-04T14:00:00+00:00,api-gateway,critical,error_rate_spike,0.635307,error_rate,0.090909,0.034977,error_rate=0.0909; baseline=0.0350; robust_z=4.90; overlaps synthetic known incident window; Isolation Forest also flagged this row,"Inspect exceptions, dependency failures, and user-impacting error slices.",2026.07.3
ALT-0daa186841,2026-07-04T14:00:00+00:00,api-gateway,critical,latency_spike,0.635307,p95_latency_ms,294.2075,165.456958,p95_latency_ms=294.2075; baseline=165.4570; robust_z=31.38; overlaps synthetic known incident window; Isolation Forest also flagged this row,"Compare recent releases, top slow endpoints, and upstream dependency latency.",2026.07.3
ALT-2f748b110c,2026-07-04T14:00:00+00:00,api-gateway,critical,db_latency_spike,0.635307,avg_db_latency_ms,78.616591,35.102395,avg_db_latency_ms=78.6166; baseline=35.1024; robust_z=197.61; overlaps synthetic known incident window; Isolation Forest also flagged this row,"Check slow queries, connection pool saturation, and lock contention.",2026.07.3
ALT-223ad33cf9,2026-07-04T14:00:00+00:00,api-gateway,critical,external_api_failure,0.635307,status_5xx_rate,0.090909,0.034977,status_5xx_rate=0.0909; baseline=0.0350; robust_z=4.90; overlaps synthetic known incident window; Isolation Forest also flagged this row,Check third-party provider availability and fallback behavior.,2026.07.3
ALT-c9814627d0,2026-07-04T14:00:00+00:00,database-service,critical,latency_spike,0.725149,p95_latency_ms,239.724,99.393146,p95_latency_ms=239.7240; baseline=99.3931; robust_z=32.47; overlaps synthetic known incident window; Isolation Forest also flagged this row,"Compare recent releases, top slow endpoints, and upstream dependency latency.",2026.07.3
ALT-dbdc462ffe,2026-07-04T14:00:00+00:00,database-service,critical,db_latency_spike,0.725149,avg_db_latency_ms,61.486383,23.36945,avg_db_latency_ms=61.4864; baseline=23.3695; robust_z=98.78; overlaps synthetic known incident window; Isolation Forest also flagged this row,"Check slow queries, connection pool saturation, and lock contention.",2026.07.3
ALT-c375cd919c,2026-07-04T14:00:00+00:00,payment-service,critical,error_rate_spike,0.674303,error_rate,0.081967,0.022437,error_rate=0.0820; baseline=0.0224; robust_z=3.18; overlaps synthetic known incident window; Isolation Forest also flagged this row,"Inspect exceptions, dependency failures, and user-impacting error slices.",2026.07.3
ALT-7a4f96c528,2026-07-04T15:00:00+00:00,payment-service,high,latency_spike,0.725438,p95_latency_ms,346.155,233.964833,p95_latency_ms=346.1550; baseline=233.9648; robust_z=11.90; overlaps synthetic known incident window; Isolation Forest also flagged this row,"Compare recent releases, top slow endpoints, and upstream dependency latency.",2026.07.3
ALT-bb3d7d7ae2,2026-07-04T15:00:00+00:00,payment-service,high,external_api_failure,0.725438,status_5xx_rate,0.106061,0.026322,status_5xx_rate=0.1061; baseline=0.0263; robust_z=3.80; overlaps synthetic known incident window; Isolation Forest also flagged this row,Check third-party provider availability and fallback behavior.,2026.07.3
ALT-30db29a28f,2026-07-04T15:00:00+00:00,api-gateway,critical,error_rate_spike,0.692458,error_rate,0.122222,0.039885,error_rate=0.1222; baseline=0.0399; robust_z=6.99; overlaps synthetic known incident window; Isolation Forest also flagged this row,"Inspect exceptions, dependency failures, and user-impacting error slices.",2026.07.3
ALT-c951e1a14b,2026-07-04T15:00:00+00:00,api-gateway,critical,latency_spike,0.692458,p95_latency_ms,294.343,172.141979,p95_latency_ms=294.3430; baseline=172.1420; robust_z=30.07; overlaps synthetic known incident window; Isolation Forest also flagged this row,"Compare recent releases, top slow endpoints, and upstream dependency latency.",2026.07.3
ALT-200b5da547,2026-07-04T15:00:00+00:00,api-gateway,critical,db_latency_spike,0.692458,avg_db_latency_ms,82.130778,37.528874,avg_db_latency_ms=82.1308; baseline=37.5289; robust_z=159.28; overlaps synthetic known incident window; Isolation Forest also flagged this row,"Check slow queries, connection pool saturation, and lock contention.",2026.07.3
ALT-19ccb3a754,2026-07-04T15:00:00+00:00,api-gateway,critical,external_api_failure,0.692458,status_5xx_rate,0.122222,0.039885,status_5xx_rate=0.1222; baseline=0.0399; robust_z=6.99; overlaps synthetic known incident window; Isolation Forest also flagged this row,Check third-party provider availability and fallback behavior.,2026.07.3
ALT-37b6eeae2d,2026-07-04T15:00:00+00:00,database-service,critical,latency_spike,0.721234,p95_latency_ms,242.794,106.761854,p95_latency_ms=242.7940; baseline=106.7619; robust_z=30.25; overlaps synthetic known incident window; Isolation Forest also flagged this row,"Compare recent releases, top slow endpoints, and upstream dependency latency.",2026.07.3
ALT-763e3a9f00,2026-07-04T15:00:00+00:00,database-service,critical,db_latency_spike,0.721234,avg_db_latency_ms,62.591224,25.396512,avg_db_latency_ms=62.5912; baseline=25.3965; robust_z=75.07; overlaps synthetic known incident window; Isolation Forest also flagged this row,"Check slow queries, connection pool saturation, and lock contention.",2026.07.3
ALT-8129d3ee1e,2026-07-04T15:00:00+00:00,payment-service,critical,error_rate_spike,0.725438,error_rate,0.106061,0.026322,error_rate=0.1061; baseline=0.0263; robust_z=3.80; overlaps synthetic known incident window; Isolation Forest also flagged this row,"Inspect exceptions, dependency failures, and user-impacting error slices.",2026.07.3
ALT-51ecee9ca6,2026-07-04T16:00:00+00:00,api-gateway,high,error_rate_spike,0.679273,error_rate,0.078947,0.042982,error_rate=0.0789; baseline=0.0430; robust_z=3.12; overlaps synthetic known incident window; Isolation Forest also flagged this row,"Inspect exceptions, dependency failures, and user-impacting error slices.",2026.07.3
ALT-1b61295276,2026-07-04T16:00:00+00:00,api-gateway,high,external_api_failure,0.679273,status_5xx_rate,0.078947,0.042982,status_5xx_rate=0.0789; baseline=0.0430; robust_z=3.12; overlaps synthetic known incident window; Isolation Forest also flagged this row,Check third-party provider availability and fallback behavior.,2026.07.3
ALT-59e727c941,2026-07-04T16:00:00+00:00,payment-service,high,latency_spike,0.644707,p95_latency_ms,349.1975,239.997375,p95_latency_ms=349.1975; baseline=239.9974; robust_z=12.14; overlaps synthetic known incident window; Isolation Forest also flagged this row,"Compare recent releases, top slow endpoints, and upstream dependency latency.",2026.07.3
ALT-5e918e4fbc,2026-07-04T16:00:00+00:00,api-gateway,critical,latency_spike,0.679273,p95_latency_ms,301.4425,179.382396,p95_latency_ms=301.4425; baseline=179.3824; robust_z=28.54; overlaps synthetic known incident window; Isolation Forest also flagged this row,"Compare recent releases, top slow endpoints, and upstream dependency latency.",2026.07.3
ALT-c95dbe5b6d,2026-07-04T16:00:00+00:00,api-gateway,critical,db_latency_spike,0.679273,avg_db_latency_ms,80.288789,39.884829,avg_db_latency_ms=80.2888; baseline=39.8848; robust_z=153.62; overlaps synthetic known incident window; Isolation Forest also flagged this row,"Check slow queries, connection pool saturation, and lock contention.",2026.07.3
ALT-eac5cb626d,2026-07-04T16:00:00+00:00,database-service,critical,latency_spike,0.793428,p95_latency_ms,240.012,114.039521,p95_latency_ms=240.0120; baseline=114.0395; robust_z=27.99; overlaps synthetic known incident window; Isolation Forest also flagged this row,"Compare recent releases, top slow endpoints, and upstream dependency latency.",2026.07.3
ALT-867c67adb6,2026-07-04T16:00:00+00:00,database-service,critical,db_latency_spike,0.793428,avg_db_latency_ms,78.156444,28.028834,avg_db_latency_ms=78.1564; baseline=28.0288; robust_z=99.22; overlaps synthetic known incident window; Isolation Forest also flagged this row,"Check slow queries, connection pool saturation, and lock contention.",2026.07.3
ALT-b77a45e5ea,2026-07-04T17:00:00+00:00,api-gateway,high,error_rate_spike,0.657188,error_rate,0.096386,0.045941,error_rate=0.0964; baseline=0.0459; robust_z=3.16; overlaps synthetic known incident window; Isolation Forest also flagged this row,"Inspect exceptions, dependency failures, and user-impacting error slices.",2026.07.3
ALT-f4d83145f5,2026-07-04T17:00:00+00:00,api-gateway,high,latency_spike,0.657188,p95_latency_ms,297.65,186.323479,p95_latency_ms=297.6500; baseline=186.3235; robust_z=24.63; overlaps synthetic known incident window; Isolation Forest also flagged this row,"Compare recent releases, top slow endpoints, and upstream dependency latency.",2026.07.3
ALT-d30468d7a3,2026-07-04T17:00:00+00:00,api-gateway,high,external_api_failure,0.657188,status_5xx_rate,0.096386,0.045941,status_5xx_rate=0.0964; baseline=0.0459; robust_z=3.16; overlaps synthetic known incident window; Isolation Forest also flagged this row,Check third-party provider availability and fallback behavior.,2026.07.3
ALT-fe61e78475,2026-07-04T17:00:00+00:00,database-service,high,latency_spike,0.689954,p95_latency_ms,240.601,121.539062,p95_latency_ms=240.6010; baseline=121.5391; robust_z=23.90; overlaps synthetic known incident window; Isolation Forest also flagged this row,"Compare recent releases, top slow endpoints, and upstream dependency latency.",2026.07.3
ALT-783ea06812,2026-07-04T17:00:00+00:00,database-service,high,db_latency_spike,0.689954,avg_db_latency_ms,59.03,29.900634,avg_db_latency_ms=59.0300; baseline=29.9006; robust_z=58.57; overlaps synthetic known incident window; Isolation Forest also flagged this row,"Check slow queries, connection pool saturation, and lock contention.",2026.07.3
ALT-6db81e91a2,2026-07-04T17:00:00+00:00,payment-service,high,latency_spike,0.666429,p95_latency_ms,346.8855,246.558437,p95_latency_ms=346.8855; baseline=246.5584; robust_z=9.41; overlaps synthetic known incident window; Isolation Forest also flagged this row,"Compare recent releases, top slow endpoints, and upstream dependency latency.",2026.07.3
ALT-90d1b573d0,2026-07-04T18:00:00+00:00,api-gateway,medium,error_rate_spike,0.665997,error_rate,0.101124,0.049751,error_rate=0.1011; baseline=0.0498; robust_z=2.49; overlaps synthetic known incident window; Isolation Forest also flagged this row,"Inspect exceptions, dependency failures, and user-impacting error slices.",2026.07.3
ALT-5924198c77,2026-07-04T18:00:00+00:00,api-gateway,medium,external_api_failure,0.665997,status_5xx_rate,0.101124,0.049751,status_5xx_rate=0.1011; baseline=0.0498; robust_z=2.49; overlaps synthetic known incident window; Isolation Forest also flagged this row,Check third-party provider availability and fallback behavior.,2026.07.3
ALT-a61045d37f,2026-07-04T18:00:00+00:00,api-gateway,high,latency_spike,0.665997,p95_latency_ms,305.7615,193.711958,p95_latency_ms=305.7615; baseline=193.7120; robust_z=22.12; overlaps synthetic known incident window; Isolation Forest also flagged this row,"Compare recent releases, top slow endpoints, and upstream dependency latency.",2026.07.3
ALT-b59a66f845,2026-07-04T18:00:00+00:00,database-service,high,latency_spike,0.728172,p95_latency_ms,241.556,128.978271,p95_latency_ms=241.5560; baseline=128.9783; robust_z=19.18; overlaps synthetic known incident window; Isolation Forest also flagged this row,"Compare recent releases, top slow endpoints, and upstream dependency latency.",2026.07.3
ALT-412090fe87,2026-07-04T18:00:00+00:00,database-service,high,db_latency_spike,0.728172,avg_db_latency_ms,66.974872,32.100299,avg_db_latency_ms=66.9749; baseline=32.1003; robust_z=44.09; overlaps synthetic known incident window; Isolation Forest also flagged this row,"Check slow queries, connection pool saturation, and lock contention.",2026.07.3
ALT-a42990285a,2026-07-04T18:00:00+00:00,payment-service,high,latency_spike,0.653238,p95_latency_ms,351.13,253.39975,p95_latency_ms=351.1300; baseline=253.3998; robust_z=6.85; overlaps synthetic known incident window; Isolation Forest also flagged this row,"Compare recent releases, top slow endpoints, and upstream dependency latency.",2026.07.3
ALT-234c0e0317,2026-07-05T03:00:00+00:00,auth-service,medium,auth_failure_spike,0.51942,auth_failure_rate,0.066667,0.028109,auth_failure_rate=0.0667; baseline=0.0281; robust_z=1.95,"Inspect token validation, session expiry, and identity-provider dependencies.",2026.07.3
ALT-cbfd520df1,2026-07-05T04:00:00+00:00,api-gateway,high,auth_failure_spike,0.523044,auth_failure_rate,0.03125,0.006577,auth_failure_rate=0.0312; baseline=0.0066; robust_z=2.98,"Inspect token validation, session expiry, and identity-provider dependencies.",2026.07.3
ALT-323a4b71ec,2026-07-05T12:00:00+00:00,auth-service,medium,auth_failure_spike,0.499313,auth_failure_rate,0.066667,0.027253,auth_failure_rate=0.0667; baseline=0.0273; robust_z=1.39,"Inspect token validation, session expiry, and identity-provider dependencies.",2026.07.3
ALT-30a2d97c6c,2026-07-05T12:00:00+00:00,recommendation-service,medium,error_rate_spike,0.448379,error_rate,0.026667,0.012386,error_rate=0.0267; baseline=0.0124; robust_z=2.31,"Inspect exceptions, dependency failures, and user-impacting error slices.",2026.07.3
ALT-cd93a00cc6,2026-07-05T12:00:00+00:00,recommendation-service,medium,external_api_failure,0.448379,status_5xx_rate,0.026667,0.012386,status_5xx_rate=0.0267; baseline=0.0124; robust_z=2.31,Check third-party provider availability and fallback behavior.,2026.07.3
ALT-770565fc10,2026-07-05T18:00:00+00:00,payment-service,high,error_rate_spike,0.466066,error_rate,0.053571,0.015803,error_rate=0.0536; baseline=0.0158; robust_z=1.58,"Inspect exceptions, dependency failures, and user-impacting error slices.",2026.07.3
ALT-e7cd441389,2026-07-05T18:00:00+00:00,payment-service,high,external_api_failure,0.466066,status_5xx_rate,0.053571,0.015803,status_5xx_rate=0.0536; baseline=0.0158; robust_z=1.58,Check third-party provider availability and fallback behavior.,2026.07.3
ALT-54e7fbf43d,2026-07-05T22:00:00+00:00,recommendation-service,medium,external_api_failure,0.439408,status_5xx_rate,0.018868,0.0096,status_5xx_rate=0.0189; baseline=0.0096; robust_z=1.49,Check third-party provider availability and fallback behavior.,2026.07.3
ALT-5873b970c0,2026-07-05T22:00:00+00:00,recommendation-service,low,error_rate_spike,0.439408,error_rate,0.018868,0.0096,error_rate=0.0189; baseline=0.0096; robust_z=1.49,"Inspect exceptions, dependency failures, and user-impacting error slices.",2026.07.3
ALT-483d7e2874,2026-07-06T00:00:00+00:00,api-gateway,medium,error_rate_spike,0.40663,error_rate,0.02459,0.011625,error_rate=0.0246; baseline=0.0116; robust_z=1.62,"Inspect exceptions, dependency failures, and user-impacting error slices.",2026.07.4
ALT-874a8c6903,2026-07-06T00:00:00+00:00,api-gateway,medium,external_api_failure,0.40663,status_5xx_rate,0.02459,0.011625,status_5xx_rate=0.0246; baseline=0.0116; robust_z=1.62,Check third-party provider availability and fallback behavior.,2026.07.4
ALT-f7305ade9e,2026-07-06T06:00:00+00:00,api-gateway,medium,error_rate_spike,0.622788,error_rate,0.024194,0.012335,error_rate=0.0242; baseline=0.0123; robust_z=2.12; overlaps synthetic known incident window; Isolation Forest also flagged this row,"Inspect exceptions, dependency failures, and user-impacting error slices.",2026.07.4
ALT-64e51e219f,2026-07-06T06:00:00+00:00,api-gateway,medium,external_api_failure,0.622788,status_5xx_rate,0.024194,0.012335,status_5xx_rate=0.0242; baseline=0.0123; robust_z=2.12; overlaps synthetic known incident window; Isolation Forest also flagged this row,Check third-party provider availability and fallback behavior.,2026.07.4
ALT-de21af6d84,2026-07-06T06:00:00+00:00,recommendation-service,medium,error_rate_spike,0.440858,error_rate,0.018519,0.00899,error_rate=0.0185; baseline=0.0090; robust_z=1.45,"Inspect exceptions, dependency failures, and user-impacting error slices.",2026.07.3
ALT-297eec498c,2026-07-06T06:00:00+00:00,recommendation-service,medium,external_api_failure,0.440858,status_5xx_rate,0.018519,0.00899,status_5xx_rate=0.0185; baseline=0.0090; robust_z=1.45,Check third-party provider availability and fallback behavior.,2026.07.3
ALT-dd18fd5ba9,2026-07-06T06:00:00+00:00,api-gateway,high,latency_spike,0.622788,p95_latency_ms,245.001,136.583375,p95_latency_ms=245.0010; baseline=136.5834; robust_z=27.95; overlaps synthetic known incident window; Isolation Forest also flagged this row,"Compare recent releases, top slow endpoints, and upstream dependency latency.",2026.07.4
ALT-2a60b5c4b7,2026-07-06T06:00:00+00:00,payment-service,high,latency_spike,0.695158,p95_latency_ms,279.9545,196.132792,p95_latency_ms=279.9545; baseline=196.1328; robust_z=8.07; overlaps synthetic known incident window; Isolation Forest also flagged this row,"Compare recent releases, top slow endpoints, and upstream dependency latency.",2026.07.4
ALT-4046b1c056,2026-07-06T07:00:00+00:00,api-gateway,high,latency_spike,0.692864,p95_latency_ms,238.562,141.022479,p95_latency_ms=238.5620; baseline=141.0225; robust_z=20.71; overlaps synthetic known incident window; Isolation Forest also flagged this row,"Compare recent releases, top slow endpoints, and upstream dependency latency.",2026.07.4
ALT-e205286a7e,2026-07-06T07:00:00+00:00,api-gateway,high,external_api_failure,0.692864,status_5xx_rate,0.096552,0.016017,status_5xx_rate=0.0966; baseline=0.0160; robust_z=12.29; overlaps synthetic known incident window; Isolation Forest also flagged this row,Check third-party provider availability and fallback behavior.,2026.07.4
ALT-d0bb224cc4,2026-07-06T07:00:00+00:00,payment-service,high,latency_spike,0.604095,p95_latency_ms,286.8635,200.566937,p95_latency_ms=286.8635; baseline=200.5669; robust_z=8.77; overlaps synthetic known incident window; Isolation Forest also flagged this row,"Compare recent releases, top slow endpoints, and upstream dependency latency.",2026.07.4
ALT-0b23b6e3d0,2026-07-06T07:00:00+00:00,api-gateway,critical,error_rate_spike,0.692864,error_rate,0.096552,0.016017,error_rate=0.0966; baseline=0.0160; robust_z=12.29; overlaps synthetic known incident window; Isolation Forest also flagged this row,"Inspect exceptions, dependency failures, and user-impacting error slices.",2026.07.4
ALT-6aaed66842,2026-07-06T08:00:00+00:00,api-gateway,high,latency_spike,0.64541,p95_latency_ms,236.992,145.057792,p95_latency_ms=236.9920; baseline=145.0578; robust_z=20.41; overlaps synthetic known incident window; Isolation Forest also flagged this row,"Compare recent releases, top slow endpoints, and upstream dependency latency.",2026.07.4
ALT-d8877813d8,2026-07-06T08:00:00+00:00,api-gateway,high,external_api_failure,0.64541,status_5xx_rate,0.073826,0.018745,status_5xx_rate=0.0738; baseline=0.0187; robust_z=8.66; overlaps synthetic known incident window; Isolation Forest also flagged this row,Check third-party provider availability and fallback behavior.,2026.07.4
ALT-c1958b9458,2026-07-06T08:00:00+00:00,payment-service,high,error_rate_spike,0.619284,error_rate,0.075472,0.017468,error_rate=0.0755; baseline=0.0175; robust_z=2.54; overlaps synthetic known incident window; Isolation Forest also flagged this row,"Inspect exceptions, dependency failures, and user-impacting error slices.",2026.07.4
ALT-ac3b6a0d65,2026-07-06T08:00:00+00:00,payment-service,high,latency_spike,0.619284,p95_latency_ms,289.018,204.485229,p95_latency_ms=289.0180; baseline=204.4852; robust_z=8.21; overlaps synthetic known incident window; Isolation Forest also flagged this row,"Compare recent releases, top slow endpoints, and upstream dependency latency.",2026.07.4
ALT-a236cef233,2026-07-06T08:00:00+00:00,payment-service,high,external_api_failure,0.619284,status_5xx_rate,0.075472,0.017468,status_5xx_rate=0.0755; baseline=0.0175; robust_z=2.54; overlaps synthetic known incident window; Isolation Forest also flagged this row,Check third-party provider availability and fallback behavior.,2026.07.4
ALT-55b7e28dda,2026-07-06T08:00:00+00:00,api-gateway,critical,error_rate_spike,0.64541,error_rate,0.073826,0.018745,error_rate=0.0738; baseline=0.0187; robust_z=8.66; overlaps synthetic known incident window; Isolation Forest also flagged this row,"Inspect exceptions, dependency failures, and user-impacting error slices.",2026.07.4
ALT-578b6a0656,2026-07-06T09:00:00+00:00,api-gateway,high,latency_spike,0.608443,p95_latency_ms,230.7815,148.815104,p95_latency_ms=230.7815; baseline=148.8151; robust_z=19.22; overlaps synthetic known incident window,"Compare recent releases, top slow endpoints, and upstream dependency latency.",2026.07.4
ALT-d55587e128,2026-07-06T09:00:00+00:00,api-gateway,high,external_api_failure,0.608443,status_5xx_rate,0.046512,0.019117,status_5xx_rate=0.0465; baseline=0.0191; robust_z=4.82; overlaps synthetic known incident window,Check third-party provider availability and fallback behavior.,2026.07.4
ALT-02ad921964,2026-07-06T09:00:00+00:00,payment-service,high,latency_spike,0.669147,p95_latency_ms,299.2475,209.059208,p95_latency_ms=299.2475; baseline=209.0592; robust_z=7.17; overlaps synthetic known incident window; Isolation Forest also flagged this row,"Compare recent releases, top slow endpoints, and upstream dependency latency.",2026.07.4
ALT-b3eee9db21,2026-07-06T09:00:00+00:00,api-gateway,critical,error_rate_spike,0.608443,error_rate,0.046512,0.019117,error_rate=0.0465; baseline=0.0191; robust_z=4.82; overlaps synthetic known incident window,"Inspect exceptions, dependency failures, and user-impacting error slices.",2026.07.4
ALT-6508068ab1,2026-07-06T10:00:00+00:00,api-gateway,high,latency_spike,0.637795,p95_latency_ms,232.0675,152.748333,p95_latency_ms=232.0675; baseline=152.7483; robust_z=19.46; overlaps synthetic known incident window; Isolation Forest also flagged this row,"Compare recent releases, top slow endpoints, and upstream dependency latency.",2026.07.4
ALT-5944f245dd,2026-07-06T10:00:00+00:00,api-gateway,high,external_api_failure,0.637795,status_5xx_rate,0.053763,0.021079,status_5xx_rate=0.0538; baseline=0.0211; robust_z=5.20; overlaps synthetic known incident window; Isolation Forest also flagged this row,Check third-party provider availability and fallback behavior.,2026.07.4
ALT-b500920ecf,2026-07-06T10:00:00+00:00,payment-service,high,error_rate_spike,0.573522,error_rate,0.061538,0.019866,error_rate=0.0615; baseline=0.0199; robust_z=1.63; overlaps synthetic known incident window,"Inspect exceptions, dependency failures, and user-impacting error slices.",2026.07.4
ALT-9b35194d58,2026-07-06T10:00:00+00:00,payment-service,high,external_api_failure,0.573522,status_5xx_rate,0.061538,0.019866,status_5xx_rate=0.0615; baseline=0.0199; robust_z=1.63; overlaps synthetic known incident window,Check third-party provider availability and fallback behavior.,2026.07.4
ALT-caa7baff66,2026-07-06T10:00:00+00:00,api-gateway,critical,error_rate_spike,0.637795,error_rate,0.053763,0.021079,error_rate=0.0538; baseline=0.0211; robust_z=5.20; overlaps synthetic known incident window; Isolation Forest also flagged this row,"Inspect exceptions, dependency failures, and user-impacting error slices.",2026.07.4
ALT-abcdb96412,2026-07-06T11:00:00+00:00,api-gateway,high,error_rate_spike,0.610649,error_rate,0.044335,0.022258,error_rate=0.0443; baseline=0.0223; robust_z=3.76; overlaps synthetic known incident window,"Inspect exceptions, dependency failures, and user-impacting error slices.",2026.07.4
ALT-128a2176f9,2026-07-06T11:00:00+00:00,api-gateway,high,latency_spike,0.610649,p95_latency_ms,234.514,156.958958,p95_latency_ms=234.5140; baseline=156.9590; robust_z=16.68; overlaps synthetic known incident window,"Compare recent releases, top slow endpoints, and upstream dependency latency.",2026.07.4
ALT-05305c2388,2026-07-06T11:00:00+00:00,api-gateway,high,external_api_failure,0.610649,status_5xx_rate,0.044335,0.022258,status_5xx_rate=0.0443; baseline=0.0223; robust_z=3.76; overlaps synthetic known incident window,Check third-party provider availability and fallback behavior.,2026.07.4
ALT-273be2d0e4,2026-07-06T11:00:00+00:00,payment-service,high,error_rate_spike,0.605694,error_rate,0.063492,0.022511,error_rate=0.0635; baseline=0.0225; robust_z=1.67; overlaps synthetic known incident window; Isolation Forest also flagged this row,"Inspect exceptions, dependency failures, and user-impacting error slices.",2026.07.4
ALT-0c723a2743,2026-07-06T11:00:00+00:00,payment-service,high,external_api_failure,0.605694,status_5xx_rate,0.063492,0.022511,status_5xx_rate=0.0635; baseline=0.0225; robust_z=1.67; overlaps synthetic known incident window; Isolation Forest also flagged this row,Check third-party provider availability and fallback behavior.,2026.07.4
ALT-326487f367,2026-07-06T12:00:00+00:00,api-gateway,high,error_rate_spike,0.640126,error_rate,0.06701,0.024577,error_rate=0.0670; baseline=0.0246; robust_z=4.48; overlaps synthetic known incident window; Isolation Forest also flagged this row,"Inspect exceptions, dependency failures, and user-impacting error slices.",2026.07.4
ALT-fb2fcdffca,2026-07-06T12:00:00+00:00,api-gateway,high,latency_spike,0.640126,p95_latency_ms,233.846,160.955458,p95_latency_ms=233.8460; baseline=160.9555; robust_z=16.58; overlaps synthetic known incident window; Isolation Forest also flagged this row,"Compare recent releases, top slow endpoints, and upstream dependency latency.",2026.07.4
ALT-56db38ecd6,2026-07-06T12:00:00+00:00,api-gateway,high,external_api_failure,0.640126,status_5xx_rate,0.06701,0.024577,status_5xx_rate=0.0670; baseline=0.0246; robust_z=4.48; overlaps synthetic known incident window; Isolation Forest also flagged this row,Check third-party provider availability and fallback behavior.,2026.07.4
ALT-1bafe19e9f,2026-07-06T13:00:00+00:00,api-gateway,high,latency_spike,0.594934,p95_latency_ms,236.673,165.381417,p95_latency_ms=236.6730; baseline=165.3814; robust_z=18.85; overlaps synthetic known incident window,"Compare recent releases, top slow endpoints, and upstream dependency latency.",2026.07.4
ALT-aca2a01516,2026-07-06T19:00:00+00:00,auth-service,high,auth_failure_spike,0.456893,auth_failure_rate,0.056452,0.023485,auth_failure_rate=0.0565; baseline=0.0235; robust_z=2.72,"Inspect token validation, session expiry, and identity-provider dependencies.",2026.07.3
ALT-6cc0c2ee7b,2026-07-06T20:00:00+00:00,recommendation-service,high,error_rate_spike,0.701446,error_rate,0.024096,0.008323,error_rate=0.0241; baseline=0.0083; robust_z=2.61; overlaps synthetic known incident window; Isolation Forest also flagged this row,"Inspect exceptions, dependency failures, and user-impacting error slices.",2026.07.3
ALT-e7e5c04c64,2026-07-06T20:00:00+00:00,recommendation-service,high,latency_spike,0.701446,p95_latency_ms,268.428,175.877354,p95_latency_ms=268.4280; baseline=175.8774; robust_z=12.77; overlaps synthetic known incident window; Isolation Forest also flagged this row,"Compare recent releases, top slow endpoints, and upstream dependency latency.",2026.07.3
ALT-629f50d76d,2026-07-06T20:00:00+00:00,recommendation-service,high,external_api_failure,0.701446,status_5xx_rate,0.024096,0.008323,status_5xx_rate=0.0241; baseline=0.0083; robust_z=2.61; overlaps synthetic known incident window; Isolation Forest also flagged this row,Check third-party provider availability and fallback behavior.,2026.07.3
ALT-956ff373b8,2026-07-06T21:00:00+00:00,recommendation-service,high,error_rate_spike,0.715302,error_rate,0.042857,0.009351,error_rate=0.0429; baseline=0.0094; robust_z=5.16; overlaps synthetic known incident window; Isolation Forest also flagged this row,"Inspect exceptions, dependency failures, and user-impacting error slices.",2026.07.3
ALT-dee929995b,2026-07-06T21:00:00+00:00,recommendation-service,high,latency_spike,0.715302,p95_latency_ms,258.6315,179.368083,p95_latency_ms=258.6315; baseline=179.3681; robust_z=10.66; overlaps synthetic known incident window; Isolation Forest also flagged this row,"Compare recent releases, top slow endpoints, and upstream dependency latency.",2026.07.3
ALT-792fa26657,2026-07-06T21:00:00+00:00,recommendation-service,high,external_api_failure,0.715302,status_5xx_rate,0.042857,0.009351,status_5xx_rate=0.0429; baseline=0.0094; robust_z=5.16; overlaps synthetic known incident window; Isolation Forest also flagged this row,Check third-party provider availability and fallback behavior.,2026.07.3
ALT-50c66ff591,2026-07-06T22:00:00+00:00,recommendation-service,high,latency_spike,0.677187,p95_latency_ms,261.869,183.219292,p95_latency_ms=261.8690; baseline=183.2193; robust_z=10.13; overlaps synthetic known incident window; Isolation Forest also flagged this row,"Compare recent releases, top slow endpoints, and upstream dependency latency.",2026.07.3
ALT-03336a0c9d,2026-07-06T23:00:00+00:00,recommendation-service,high,latency_spike,0.742496,p95_latency_ms,271.795,187.093,p95_latency_ms=271.7950; baseline=187.0930; robust_z=11.25; overlaps synthetic known incident window; Isolation Forest also flagged this row,"Compare recent releases, top slow endpoints, and upstream dependency latency.",2026.07.3
ALT-39d09db139,2026-07-07T00:00:00+00:00,recommendation-service,high,error_rate_spike,0.703526,error_rate,0.037037,0.010773,error_rate=0.0370; baseline=0.0108; robust_z=4.37; overlaps synthetic known incident window; Isolation Forest also flagged this row,"Inspect exceptions, dependency failures, and user-impacting error slices.",2026.07.3
ALT-e0f8cbf407,2026-07-07T00:00:00+00:00,recommendation-service,high,latency_spike,0.703526,p95_latency_ms,261.8915,190.563687,p95_latency_ms=261.8915; baseline=190.5637; robust_z=10.13; overlaps synthetic known incident window; Isolation Forest also flagged this row,"Compare recent releases, top slow endpoints, and upstream dependency latency.",2026.07.3
ALT-3f35807d9a,2026-07-07T00:00:00+00:00,recommendation-service,high,external_api_failure,0.703526,status_5xx_rate,0.037037,0.010773,status_5xx_rate=0.0370; baseline=0.0108; robust_z=4.37; overlaps synthetic known incident window; Isolation Forest also flagged this row,Check third-party provider availability and fallback behavior.,2026.07.3
ALT-1c0b7a8e48,2026-07-07T01:00:00+00:00,recommendation-service,high,latency_spike,0.713369,p95_latency_ms,284.019,195.454312,p95_latency_ms=284.0190; baseline=195.4543; robust_z=12.30; overlaps synthetic known incident window; Isolation Forest also flagged this row,"Compare recent releases, top slow endpoints, and upstream dependency latency.",2026.07.3
ALT-8e16c38f98,2026-07-07T03:00:00+00:00,auth-service,high,auth_failure_spike,0.43579,auth_failure_rate,0.057143,0.022896,auth_failure_rate=0.0571; baseline=0.0229; robust_z=3.03,"Inspect token validation, session expiry, and identity-provider dependencies.",2026.07.3
ALT-da3053a887,2026-07-07T09:00:00+00:00,auth-service,high,error_rate_spike,0.47858,error_rate,0.017857,0.004661,error_rate=0.0179; baseline=0.0047; robust_z=2.84,"Inspect exceptions, dependency failures, and user-impacting error slices.",2026.07.3
ALT-db634984cb,2026-07-07T09:00:00+00:00,auth-service,high,external_api_failure,0.47858,status_5xx_rate,0.017857,0.004661,status_5xx_rate=0.0179; baseline=0.0047; robust_z=2.84,Check third-party provider availability and fallback behavior.,2026.07.3
ALT-21c9d730e6,2026-07-07T18:00:00+00:00,auth-service,high,auth_failure_spike,0.714886,auth_failure_rate,0.094891,0.029539,auth_failure_rate=0.0949; baseline=0.0295; robust_z=3.38; overlaps synthetic known incident window; Isolation Forest also flagged this row,"Inspect token validation, session expiry, and identity-provider dependencies.",2026.07.3
ALT-7b5629b9a6,2026-07-07T19:00:00+00:00,auth-service,high,auth_failure_spike,0.566668,auth_failure_rate,0.087302,0.030825,auth_failure_rate=0.0873; baseline=0.0308; robust_z=3.02; overlaps synthetic known incident window; Isolation Forest also flagged this row,"Inspect token validation, session expiry, and identity-provider dependencies.",2026.07.3
ALT-927ec226d8,2026-07-07T21:00:00+00:00,auth-service,high,auth_failure_spike,0.572599,auth_failure_rate,0.111111,0.036999,auth_failure_rate=0.1111; baseline=0.0370; robust_z=3.00; overlaps synthetic known incident window; Isolation Forest also flagged this row,"Inspect token validation, session expiry, and identity-provider dependencies.",2026.07.3
ALT-9e0639f97c,2026-07-07T22:00:00+00:00,api-gateway,high,auth_failure_spike,0.549754,auth_failure_rate,0.035971,0.010913,auth_failure_rate=0.0360; baseline=0.0109; robust_z=2.11; overlaps synthetic known incident window,"Inspect token validation, session expiry, and identity-provider dependencies.",2026.07.4
ALT-6238c3d180,2026-07-07T23:00:00+00:00,api-gateway,high,error_rate_spike,0.506725,error_rate,0.030075,0.011836,error_rate=0.0301; baseline=0.0118; robust_z=2.95,"Inspect exceptions, dependency failures, and user-impacting error slices.",2026.07.4
ALT-f346de6825,2026-07-07T23:00:00+00:00,api-gateway,high,external_api_failure,0.506725,status_5xx_rate,0.030075,0.011836,status_5xx_rate=0.0301; baseline=0.0118; robust_z=2.95,Check third-party provider availability and fallback behavior.,2026.07.4
ALT-2c75b86aa1,2026-07-08T00:00:00+00:00,api-gateway,medium,external_api_failure,0.46293,status_5xx_rate,0.023622,0.012069,status_5xx_rate=0.0236; baseline=0.0121; robust_z=2.00,Check third-party provider availability and fallback behavior.,2026.07.4
ALT-b1e1ff61a0,2026-07-08T00:00:00+00:00,api-gateway,low,error_rate_spike,0.46293,error_rate,0.023622,0.012069,error_rate=0.0236; baseline=0.0121; robust_z=2.00,"Inspect exceptions, dependency failures, and user-impacting error slices.",2026.07.4
ALT-9ba9912fc1,2026-07-08T05:00:00+00:00,api-gateway,medium,external_api_failure,0.398125,status_5xx_rate,0.02381,0.012001,status_5xx_rate=0.0238; baseline=0.0120; robust_z=1.90,Check third-party provider availability and fallback behavior.,2026.07.4
ALT-f505ac5cea,2026-07-08T05:00:00+00:00,api-gateway,low,error_rate_spike,0.398125,error_rate,0.02381,0.012001,error_rate=0.0238; baseline=0.0120; robust_z=1.90,"Inspect exceptions, dependency failures, and user-impacting error slices.",2026.07.4
ALT-6f86b52752,2026-07-08T08:00:00+00:00,api-gateway,medium,error_rate_spike,0.431899,error_rate,0.026667,0.012893,error_rate=0.0267; baseline=0.0129; robust_z=1.66,"Inspect exceptions, dependency failures, and user-impacting error slices.",2026.07.5
ALT-37562e3de3,2026-07-08T08:00:00+00:00,api-gateway,medium,external_api_failure,0.431899,status_5xx_rate,0.026667,0.012893,status_5xx_rate=0.0267; baseline=0.0129; robust_z=1.66,Check third-party provider availability and fallback behavior.,2026.07.5
ALT-caaa6a1064,2026-07-08T18:00:00+00:00,payment-service,high,error_rate_spike,0.579167,error_rate,0.057971,0.011457,error_rate=0.0580; baseline=0.0115; robust_z=5.43; overlaps synthetic known incident window; Isolation Forest also flagged this row,"Inspect exceptions, dependency failures, and user-impacting error slices.",2026.07.4
ALT-a540538180,2026-07-08T18:00:00+00:00,payment-service,high,external_api_failure,0.579167,status_5xx_rate,0.057971,0.011457,status_5xx_rate=0.0580; baseline=0.0115; robust_z=5.43; overlaps synthetic known incident window; Isolation Forest also flagged this row,Check third-party provider availability and fallback behavior.,2026.07.4
ALT-6b60b18a3a,2026-07-08T19:00:00+00:00,api-gateway,high,auth_failure_spike,0.458016,auth_failure_rate,0.032787,0.009057,auth_failure_rate=0.0328; baseline=0.0091; robust_z=3.29,"Inspect token validation, session expiry, and identity-provider dependencies.",2026.07.5
ALT-357227317c,2026-07-08T19:00:00+00:00,payment-service,high,deployment_regression,0.565422,error_rate,0.061538,0.014021,error_rate=0.0615; baseline=0.0140; robust_z=2.54; deployment changed in this hour; overlaps synthetic known incident window,Diff the rollout against the previous version and validate rollback criteria.,2026.07.5
ALT-cd07e2ce5f,2026-07-08T19:00:00+00:00,payment-service,high,deployment_regression,0.565422,p95_latency_ms,270.068,197.205562,p95_latency_ms=270.0680; baseline=197.2056; robust_z=8.89; deployment changed in this hour; overlaps synthetic known incident window,Diff the rollout against the previous version and validate rollback criteria.,2026.07.5
ALT-5c0a963f78,2026-07-08T19:00:00+00:00,payment-service,high,deployment_regression,0.565422,status_5xx_rate,0.061538,0.014021,status_5xx_rate=0.0615; baseline=0.0140; robust_z=2.54; deployment changed in this hour; overlaps synthetic known incident window,Diff the rollout against the previous version and validate rollback criteria.,2026.07.5
ALT-75e9de93bb,2026-07-08T20:00:00+00:00,payment-service,high,error_rate_spike,0.574109,error_rate,0.066667,0.016068,error_rate=0.0667; baseline=0.0161; robust_z=2.81; overlaps synthetic known incident window,"Inspect exceptions, dependency failures, and user-impacting error slices.",2026.07.5
ALT-7c316b0da1,2026-07-08T20:00:00+00:00,payment-service,high,external_api_failure,0.574109,status_5xx_rate,0.066667,0.016068,status_5xx_rate=0.0667; baseline=0.0161; robust_z=2.81; overlaps synthetic known incident window,Check third-party provider availability and fallback behavior.,2026.07.5
ALT-4748fcc0dc,2026-07-08T21:00:00+00:00,payment-service,high,latency_spike,0.563393,p95_latency_ms,278.135,204.575604,p95_latency_ms=278.1350; baseline=204.5756; robust_z=7.48; overlaps synthetic known incident window,"Compare recent releases, top slow endpoints, and upstream dependency latency.",2026.07.5
ALT-7a2c8e66c6,2026-07-08T22:00:00+00:00,payment-service,high,error_rate_spike,0.621713,error_rate,0.083333,0.019407,error_rate=0.0833; baseline=0.0194; robust_z=3.68; overlaps synthetic known incident window; Isolation Forest also flagged this row,"Inspect exceptions, dependency failures, and user-impacting error slices.",2026.07.5
ALT-7ef29a9333,2026-07-08T22:00:00+00:00,payment-service,high,external_api_failure,0.621713,status_5xx_rate,0.083333,0.019407,status_5xx_rate=0.0833; baseline=0.0194; robust_z=3.68; overlaps synthetic known incident window; Isolation Forest also flagged this row,Check third-party provider availability and fallback behavior.,2026.07.5
ALT-9d03b7a702,2026-07-08T23:00:00+00:00,auth-service,high,error_rate_spike,0.524404,error_rate,0.022989,0.005789,error_rate=0.0230; baseline=0.0058; robust_z=3.82,"Inspect exceptions, dependency failures, and user-impacting error slices.",2026.07.4
ALT-76c791cce4,2026-07-08T23:00:00+00:00,auth-service,high,external_api_failure,0.524404,status_5xx_rate,0.022989,0.005789,status_5xx_rate=0.0230; baseline=0.0058; robust_z=3.82,Check third-party provider availability and fallback behavior.,2026.07.4
ALT-adc88f8855,2026-07-08T23:00:00+00:00,payment-service,high,error_rate_spike,0.669899,error_rate,0.085106,0.022953,error_rate=0.0851; baseline=0.0230; robust_z=3.66; overlaps synthetic known incident window; Isolation Forest also flagged this row,"Inspect exceptions, dependency failures, and user-impacting error slices.",2026.07.5
ALT-383fe1231f,2026-07-08T23:00:00+00:00,payment-service,high,external_api_failure,0.669899,status_5xx_rate,0.085106,0.022953,status_5xx_rate=0.0851; baseline=0.0230; robust_z=3.66; overlaps synthetic known incident window; Isolation Forest also flagged this row,Check third-party provider availability and fallback behavior.,2026.07.5
ALT-973fffa93e,2026-07-09T00:00:00+00:00,payment-service,medium,external_api_failure,0.578253,status_5xx_rate,0.05,0.025036,status_5xx_rate=0.0500; baseline=0.0250; robust_z=1.75; overlaps synthetic known incident window; Isolation Forest also flagged this row,Check third-party provider availability and fallback behavior.,2026.07.5
ALT-3cc0a1fab3,2026-07-09T00:00:00+00:00,payment-service,low,error_rate_spike,0.578253,error_rate,0.05,0.025036,error_rate=0.0500; baseline=0.0250; robust_z=1.75; overlaps synthetic known incident window; Isolation Forest also flagged this row,"Inspect exceptions, dependency failures, and user-impacting error slices.",2026.07.5
ALT-51a7d8a9f0,2026-07-09T04:00:00+00:00,notification-service,high,latency_spike,0.686433,p95_latency_ms,185.403,119.371104,p95_latency_ms=185.4030; baseline=119.3711; robust_z=13.86; overlaps synthetic known incident window; Isolation Forest also flagged this row,"Compare recent releases, top slow endpoints, and upstream dependency latency.",2026.07.4
ALT-097fc980c2,2026-07-09T04:00:00+00:00,worker-service,high,latency_spike,0.682063,p95_latency_ms,218.731,154.637812,p95_latency_ms=218.7310; baseline=154.6378; robust_z=6.92; overlaps synthetic known incident window; Isolation Forest also flagged this row,"Compare recent releases, top slow endpoints, and upstream dependency latency.",2026.07.4
ALT-b08168eb04,2026-07-09T04:00:00+00:00,worker-service,high,queue_backlog,0.682063,avg_queue_lag,11.902609,6.252594,avg_queue_lag=11.9026; baseline=6.2526; robust_z=41.21; overlaps synthetic known incident window; Isolation Forest also flagged this row,"Measure consumer throughput, retries, and dead-letter activity.",2026.07.4
ALT-45244369af,2026-07-09T05:00:00+00:00,notification-service,high,latency_spike,0.763412,p95_latency_ms,207.512,123.008979,p95_latency_ms=207.5120; baseline=123.0090; robust_z=16.76; overlaps synthetic known incident window; Isolation Forest also flagged this row,"Compare recent releases, top slow endpoints, and upstream dependency latency.",2026.07.4
ALT-5a11a0ae59,2026-07-09T05:00:00+00:00,notification-service,high,queue_backlog,0.763412,avg_queue_lag,10.02,2.533495,avg_queue_lag=10.0200; baseline=2.5335; robust_z=47.90; overlaps synthetic known incident window; Isolation Forest also flagged this row,"Measure consumer throughput, retries, and dead-letter activity.",2026.07.4
ALT-6783d9aee1,2026-07-09T05:00:00+00:00,worker-service,high,latency_spike,0.769635,p95_latency_ms,229.666,157.545875,p95_latency_ms=229.6660; baseline=157.5459; robust_z=8.07; overlaps synthetic known incident window; Isolation Forest also flagged this row,"Compare recent releases, top slow endpoints, and upstream dependency latency.",2026.07.4
ALT-6a762bbcca,2026-07-09T05:00:00+00:00,worker-service,high,queue_backlog,0.769635,avg_queue_lag,16.572,6.692277,avg_queue_lag=16.5720; baseline=6.6923; robust_z=61.49; overlaps synthetic known incident window; Isolation Forest also flagged this row,"Measure consumer throughput, retries, and dead-letter activity.",2026.07.4
ALT-f66bc6bf9d,2026-07-09T06:00:00+00:00,auth-service,high,auth_failure_spike,0.480459,auth_failure_rate,0.089744,0.028701,auth_failure_rate=0.0897; baseline=0.0287; robust_z=3.38,"Inspect token validation, session expiry, and identity-provider dependencies.",2026.07.4
ALT-a3d7fa3f4a,2026-07-09T06:00:00+00:00,notification-service,high,latency_spike,0.715759,p95_latency_ms,194.05,126.604833,p95_latency_ms=194.0500; baseline=126.6048; robust_z=13.47; overlaps synthetic known incident window; Isolation Forest also flagged this row,"Compare recent releases, top slow endpoints, and upstream dependency latency.",2026.07.4
ALT-cfd74f8f88,2026-07-09T07:00:00+00:00,notification-service,high,latency_spike,0.692639,p95_latency_ms,183.8,129.415146,p95_latency_ms=183.8000; baseline=129.4151; robust_z=11.25; overlaps synthetic known incident window; Isolation Forest also flagged this row,"Compare recent releases, top slow endpoints, and upstream dependency latency.",2026.07.4
ALT-9e2f950c0d,2026-07-09T07:00:00+00:00,worker-service,high,latency_spike,0.678028,p95_latency_ms,226.796,162.000583,p95_latency_ms=226.7960; baseline=162.0006; robust_z=6.24; overlaps synthetic known incident window; Isolation Forest also flagged this row,"Compare recent releases, top slow endpoints, and upstream dependency latency.",2026.07.4
ALT-0e9d5f1f8c,2026-07-09T08:00:00+00:00,api-gateway,medium,error_rate_spike,0.388739,error_rate,0.026667,0.012482,error_rate=0.0267; baseline=0.0125; robust_z=1.63,"Inspect exceptions, dependency failures, and user-impacting error slices.",2026.07.5
ALT-fd70113dba,2026-07-09T08:00:00+00:00,api-gateway,medium,external_api_failure,0.388739,status_5xx_rate,0.026667,0.012482,status_5xx_rate=0.0267; baseline=0.0125; robust_z=1.63,Check third-party provider availability and fallback behavior.,2026.07.5
ALT-d719b3a5cb,2026-07-09T09:00:00+00:00,notification-service,high,latency_spike,0.760666,p95_latency_ms,190.752,134.180062,p95_latency_ms=190.7520; baseline=134.1801; robust_z=11.51; overlaps synthetic known incident window; Isolation Forest also flagged this row,"Compare recent releases, top slow endpoints, and upstream dependency latency.",2026.07.4
ALT-84f28a6dab,2026-07-09T09:00:00+00:00,notification-service,high,queue_backlog,0.760666,avg_queue_lag,12.631778,3.892513,avg_queue_lag=12.6318; baseline=3.8925; robust_z=36.48; overlaps synthetic known incident window; Isolation Forest also flagged this row,"Measure consumer throughput, retries, and dead-letter activity.",2026.07.4
ALT-2f24ca4155,2026-07-09T09:00:00+00:00,worker-service,high,latency_spike,0.762379,p95_latency_ms,233.272,167.958583,p95_latency_ms=233.2720; baseline=167.9586; robust_z=5.59; overlaps synthetic known incident window; Isolation Forest also flagged this row,"Compare recent releases, top slow endpoints, and upstream dependency latency.",2026.07.4
ALT-7ccd52d0fb,2026-07-09T10:00:00+00:00,notification-service,high,latency_spike,0.668312,p95_latency_ms,193.2965,137.361937,p95_latency_ms=193.2965; baseline=137.3619; robust_z=7.20; overlaps synthetic known incident window; Isolation Forest also flagged this row,"Compare recent releases, top slow endpoints, and upstream dependency latency.",2026.07.4
ALT-b1c2f401f1,2026-07-09T10:00:00+00:00,worker-service,high,queue_backlog,0.727606,avg_queue_lag,15.32925,8.142196,avg_queue_lag=15.3292; baseline=8.1422; robust_z=35.66; overlaps synthetic known incident window; Isolation Forest also flagged this row,"Measure consumer throughput, retries, and dead-letter activity.",2026.07.4
ALT-362243db83,2026-07-09T11:00:00+00:00,notification-service,high,latency_spike,0.684839,p95_latency_ms,196.4595,140.617104,p95_latency_ms=196.4595; baseline=140.6171; robust_z=5.36; overlaps synthetic known incident window; Isolation Forest also flagged this row,"Compare recent releases, top slow endpoints, and upstream dependency latency.",2026.07.4
ALT-1a660b32b1,2026-07-09T13:00:00+00:00,notification-service,high,queue_backlog,0.684959,avg_queue_lag,10.781774,5.058739,avg_queue_lag=10.7818; baseline=5.0587; robust_z=16.26; overlaps synthetic known incident window; Isolation Forest also flagged this row,"Measure consumer throughput, retries, and dead-letter activity.",2026.07.4
ALT-81839542ef,2026-07-09T13:00:00+00:00,worker-service,high,queue_backlog,0.745546,avg_queue_lag,17.053256,9.03549,avg_queue_lag=17.0533; baseline=9.0355; robust_z=18.98; overlaps synthetic known incident window; Isolation Forest also flagged this row,"Measure consumer throughput, retries, and dead-letter activity.",2026.07.4
ALT-d616fff90b,2026-07-09T14:00:00+00:00,notification-service,medium,external_api_failure,0.418849,status_5xx_rate,0.033333,0.017081,status_5xx_rate=0.0333; baseline=0.0171; robust_z=1.89,Check third-party provider availability and fallback behavior.,2026.07.4
ALT-2ebcdcc2c2,2026-07-09T14:00:00+00:00,notification-service,low,error_rate_spike,0.418849,error_rate,0.033333,0.017081,error_rate=0.0333; baseline=0.0171; robust_z=1.89,"Inspect exceptions, dependency failures, and user-impacting error slices.",2026.07.4
ALT-3146c0b4db,2026-07-09T15:00:00+00:00,payment-service,medium,error_rate_spike,0.520031,error_rate,0.072464,0.028541,error_rate=0.0725; baseline=0.0285; robust_z=1.79,"Inspect exceptions, dependency failures, and user-impacting error slices.",2026.07.5
ALT-d4805b3cae,2026-07-09T15:00:00+00:00,payment-service,medium,external_api_failure,0.520031,status_5xx_rate,0.072464,0.028541,status_5xx_rate=0.0725; baseline=0.0285; robust_z=1.79,Check third-party provider availability and fallback behavior.,2026.07.5
ALT-2166bb6f44,2026-07-09T17:00:00+00:00,api-gateway,medium,error_rate_spike,0.415989,error_rate,0.027149,0.010735,error_rate=0.0271; baseline=0.0107; robust_z=2.47,"Inspect exceptions, dependency failures, and user-impacting error slices.",2026.07.5
ALT-c6eac66741,2026-07-09T17:00:00+00:00,api-gateway,medium,external_api_failure,0.415989,status_5xx_rate,0.027149,0.010735,status_5xx_rate=0.0271; baseline=0.0107; robust_z=2.47,Check third-party provider availability and fallback behavior.,2026.07.5
ALT-8a43ea3dc3,2026-07-09T21:00:00+00:00,api-gateway,high,error_rate_spike,0.408787,error_rate,0.030675,0.011366,error_rate=0.0307; baseline=0.0114; robust_z=2.91,"Inspect exceptions, dependency failures, and user-impacting error slices.",2026.07.5
ALT-eba070d2ec,2026-07-09T21:00:00+00:00,api-gateway,high,external_api_failure,0.408787,status_5xx_rate,0.030675,0.011366,status_5xx_rate=0.0307; baseline=0.0114; robust_z=2.91,Check third-party provider availability and fallback behavior.,2026.07.5
