timestamp,service_name,environment,log_level,request_id,trace_id,endpoint,status_code,latency_ms,error_type,message,cpu_usage,memory_usage,db_latency_ms,queue_lag,region,deployment_version
2026-06-25T21:00:00+00:00,api-gateway,prod-simulated,INFO,req-d689e3cf04,trace-97432263b440,/v1/search,200,107.41,,Request completed within expected latency envelope.,51.31,57.67,42.21,3.74,us-east-1,2026.07.2
2026-06-25T21:00:00+00:00,auth-service,prod-simulated,INFO,req-7c9df2bbdb,trace-16d83ce6e9ae,/auth/login,200,68.05,,Request completed within expected latency envelope.,49.33,53.2,22.7,2.23,us-west-2,2026.07.3
2026-06-25T21:00:00+00:00,payment-service,prod-simulated,INFO,req-90b0ca2de8,trace-88b951881226,/payments/charge,200,140.83,,Request completed within expected latency envelope.,55.97,61.37,54.25,3.64,us-east-1,2026.07.1
2026-06-25T21:00:00+00:00,recommendation-service,prod-simulated,INFO,req-eac8342c89,trace-e79fc10403d8,/recommendations/similar,200,161.46,,Request completed within expected latency envelope.,54.83,63.09,52.85,6.15,ap-south-1,2026.07.3
2026-06-25T21:00:00+00:00,database-service,prod-simulated,INFO,req-f9bcd7bdfa,trace-cf5bf66ead24,/query/users,200,69.74,,Request completed within expected latency envelope.,54.54,67.21,40.48,0.54,us-west-2,2026.07.2
2026-06-25T21:00:00+00:00,worker-service,prod-simulated,INFO,req-f9e0486e3f,trace-30b698a65a73,/jobs/drain,200,131.79,,Request completed within expected latency envelope.,59.37,60.32,26.35,7.8,ap-south-1,2026.07.5
2026-06-25T21:00:00+00:00,notification-service,prod-simulated,INFO,req-1ad7db9aa1,trace-f5cc55752aaa,/notify/webhook,200,102.17,,Request completed within expected latency envelope.,39.08,52.88,17.02,0.0,us-west-2,2026.07.1
2026-06-25T21:05:00+00:00,notification-service,prod-simulated,INFO,req-8a73e68a81,trace-2e9a22a3a41f,/notify/push,200,109.56,,Request completed within expected latency envelope.,42.74,52.17,21.48,7.64,us-west-2,2026.07.1
2026-06-25T21:05:00+00:00,worker-service,prod-simulated,INFO,req-4b688ac151,trace-4e82d2b82063,/jobs/retry,200,99.39,,Request completed within expected latency envelope.,50.87,59.86,26.34,10.07,ap-south-1,2026.07.5
2026-06-25T21:05:00+00:00,recommendation-service,prod-simulated,INFO,req-252b57bad6,trace-b5c62544e331,/recommendations/home,200,160.5,,Request completed within expected latency envelope.,70.34,63.54,35.41,7.54,ap-south-1,2026.07.3
2026-06-25T21:05:00+00:00,database-service,prod-simulated,INFO,req-a3e1bafe51,trace-09a67fb47076,/query/orders,200,100.59,,Request completed within expected latency envelope.,60.02,65.51,36.56,0.81,us-west-2,2026.07.2
2026-06-25T21:05:00+00:00,auth-service,prod-simulated,INFO,req-92494dded1,trace-6dc628a3329e,/auth/validate,200,107.41,,Request completed within expected latency envelope.,48.82,53.7,26.37,2.1,us-west-2,2026.07.3
2026-06-25T21:05:00+00:00,api-gateway,prod-simulated,INFO,req-c134180e74,trace-d014503e99bc,/v1/orders,200,99.13,,Request completed within expected latency envelope.,46.15,53.96,29.72,2.54,us-east-1,2026.07.2
2026-06-25T21:05:00+00:00,payment-service,prod-simulated,INFO,req-d46cf07448,trace-46ba99db0e66,/payments/status,200,153.26,,Request completed within expected latency envelope.,53.49,57.85,43.18,6.0,us-east-1,2026.07.1
2026-06-25T21:10:00+00:00,api-gateway,prod-simulated,INFO,req-a1f0c9a3a1,trace-84a90a033288,/v1/login,200,121.16,,Request completed within expected latency envelope.,49.56,56.31,33.01,5.9,us-east-1,2026.07.2
2026-06-25T21:10:00+00:00,auth-service,prod-simulated,INFO,req-97bb59248e,trace-b65e1648bf4d,/auth/refresh,200,84.8,,Request completed within expected latency envelope.,47.72,56.25,19.66,1.41,us-west-2,2026.07.3
2026-06-25T21:10:00+00:00,payment-service,prod-simulated,INFO,req-b947edfc15,trace-c2548a7ddb05,/payments/refund,200,159.56,,Request completed within expected latency envelope.,53.58,61.99,66.41,4.13,us-east-1,2026.07.1
2026-06-25T21:10:00+00:00,recommendation-service,prod-simulated,INFO,req-65f6020cc9,trace-300c86334d26,/recommendations/similar,200,164.53,,Request completed within expected latency envelope.,62.84,66.42,34.6,3.46,ap-south-1,2026.07.3
2026-06-25T21:10:00+00:00,database-service,prod-simulated,INFO,req-bc0c73a51d,trace-89fb839302d8,/query/recommendations,200,69.24,,Request completed within expected latency envelope.,58.68,55.64,41.54,0.0,us-west-2,2026.07.2
2026-06-25T21:10:00+00:00,worker-service,prod-simulated,INFO,req-95c66e9b75,trace-7196ef4fa92e,/jobs/process,200,116.28,,Request completed within expected latency envelope.,53.39,56.65,33.34,7.02,ap-south-1,2026.07.5
2026-06-25T21:10:00+00:00,notification-service,prod-simulated,INFO,req-b510050ddf,trace-b272afbbecd9,/notify/email,200,91.2,,Request completed within expected latency envelope.,43.27,49.08,15.74,0.98,us-west-2,2026.07.1
2026-06-25T21:15:00+00:00,worker-service,prod-simulated,INFO,req-7fa7784496,trace-865bf9be93aa,/jobs/drain,200,142.83,,Request completed within expected latency envelope.,55.37,61.6,39.27,10.1,ap-south-1,2026.07.5
2026-06-25T21:15:00+00:00,notification-service,prod-simulated,INFO,req-d7dfde80b1,trace-50e15934b3e8,/notify/webhook,200,95.61,,Request completed within expected latency envelope.,39.01,50.59,16.85,7.04,us-west-2,2026.07.1
2026-06-25T21:15:00+00:00,recommendation-service,prod-simulated,INFO,req-227bd1bbfa,trace-811d584f9e4b,/recommendations/home,200,180.93,,Request completed within expected latency envelope.,61.01,72.85,43.69,8.73,ap-south-1,2026.07.3
2026-06-25T21:15:00+00:00,database-service,prod-simulated,INFO,req-e256afcde7,trace-c1c45a4b0d00,/query/users,200,51.54,,Request completed within expected latency envelope.,57.51,63.97,38.47,0.0,us-west-2,2026.07.2
2026-06-25T21:15:00+00:00,auth-service,prod-simulated,INFO,req-9769c2e103,trace-50e55e0f5cf8,/auth/login,200,112.23,,Request completed within expected latency envelope.,55.96,55.74,20.33,0.24,us-west-2,2026.07.3
2026-06-25T21:15:00+00:00,api-gateway,prod-simulated,INFO,req-7879f827f9,trace-b695c624e27c,/v1/recommendations,200,117.89,,Request completed within expected latency envelope.,59.83,56.25,37.41,6.35,us-east-1,2026.07.2
2026-06-25T21:15:00+00:00,payment-service,prod-simulated,INFO,req-fddd301f27,trace-ee6d0764bfdd,/payments/charge,200,126.1,,Request completed within expected latency envelope.,56.39,56.28,47.32,2.58,us-east-1,2026.07.1
2026-06-25T21:20:00+00:00,api-gateway,prod-simulated,INFO,req-e14a8edf2c,trace-1cc3e02361a7,/v1/search,200,99.0,,Request completed within expected latency envelope.,53.28,53.29,35.63,4.52,us-east-1,2026.07.2
2026-06-25T21:20:00+00:00,auth-service,prod-simulated,INFO,req-bf0d2cad2a,trace-fadc6ba95ab9,/auth/validate,200,109.83,,Request completed within expected latency envelope.,53.79,53.87,17.3,2.92,us-west-2,2026.07.3
2026-06-25T21:20:00+00:00,payment-service,prod-simulated,INFO,req-86638ff671,trace-c00fbf73e191,/payments/status,200,147.59,,Request completed within expected latency envelope.,59.59,58.16,43.71,5.14,us-east-1,2026.07.1
2026-06-25T21:20:00+00:00,recommendation-service,prod-simulated,INFO,req-26cbce3ee9,trace-e8dd215433fe,/recommendations/similar,200,171.79,,Request completed within expected latency envelope.,59.04,64.41,51.85,3.78,ap-south-1,2026.07.3
2026-06-25T21:20:00+00:00,database-service,prod-simulated,INFO,req-e9b78ffe21,trace-476d51af419e,/query/orders,200,86.98,,Request completed within expected latency envelope.,59.27,61.98,24.36,4.16,us-west-2,2026.07.2
2026-06-25T21:20:00+00:00,worker-service,prod-simulated,INFO,req-c6e0a009dd,trace-438058cd2209,/jobs/retry,200,156.14,,Request completed within expected latency envelope.,48.92,55.53,37.35,6.45,ap-south-1,2026.07.5
2026-06-25T21:20:00+00:00,notification-service,prod-simulated,INFO,req-ed9e9a631d,trace-644be7286d63,/notify/push,200,107.97,,Request completed within expected latency envelope.,45.68,47.14,20.64,0.0,us-west-2,2026.07.1
2026-06-25T21:25:00+00:00,recommendation-service,prod-simulated,INFO,req-2c4dd4384a,trace-01682a40bade,/recommendations/home,200,159.49,,Request completed within expected latency envelope.,60.6,71.7,41.95,10.48,ap-south-1,2026.07.3
2026-06-25T21:25:00+00:00,notification-service,prod-simulated,INFO,req-66e027d00f,trace-7580f9931953,/notify/email,200,136.37,,Request completed within expected latency envelope.,39.97,50.88,36.99,1.26,us-west-2,2026.07.1
2026-06-25T21:25:00+00:00,worker-service,prod-simulated,INFO,req-177a522c07,trace-394ed9280b9f,/jobs/process,200,119.91,,Request completed within expected latency envelope.,53.81,50.68,47.01,9.67,ap-south-1,2026.07.5
2026-06-25T21:25:00+00:00,database-service,prod-simulated,INFO,req-db0ac9892b,trace-f06067ae5ff1,/query/recommendations,200,67.04,,Request completed within expected latency envelope.,59.4,61.53,23.86,1.12,us-west-2,2026.07.2
2026-06-25T21:25:00+00:00,auth-service,prod-simulated,INFO,req-28148bea60,trace-b249bfabf36a,/auth/refresh,200,75.95,,Request completed within expected latency envelope.,54.74,54.02,27.9,0.01,us-west-2,2026.07.3
2026-06-25T21:25:00+00:00,api-gateway,prod-simulated,INFO,req-b86c2c7559,trace-c50c6b124b5d,/v1/orders,200,115.98,,Request completed within expected latency envelope.,46.67,50.34,42.96,5.18,us-east-1,2026.07.2
2026-06-25T21:25:00+00:00,payment-service,prod-simulated,INFO,req-614a71c3f1,trace-5036fb03e8ae,/payments/refund,200,150.98,,Request completed within expected latency envelope.,56.01,66.8,34.83,6.39,us-east-1,2026.07.1
2026-06-25T21:30:00+00:00,worker-service,prod-simulated,INFO,req-50a73c0d4a,trace-43d586b5ab06,/jobs/drain,200,114.01,,Request completed within expected latency envelope.,55.48,56.19,34.07,8.56,ap-south-1,2026.07.5
2026-06-25T21:30:00+00:00,api-gateway,prod-simulated,INFO,req-99b7cb9ae2,trace-ef2bfbe3664d,/v1/login,200,83.08,,Request completed within expected latency envelope.,49.81,59.42,42.16,6.58,us-east-1,2026.07.2
2026-06-25T21:30:00+00:00,auth-service,prod-simulated,INFO,req-d90b255751,trace-ddee10f8b017,/auth/login,200,90.37,,Request completed within expected latency envelope.,41.59,52.69,31.44,2.93,us-west-2,2026.07.3
2026-06-25T21:30:00+00:00,payment-service,prod-simulated,INFO,req-581efbc1a5,trace-76c4f056e3ae,/payments/charge,200,151.34,,Request completed within expected latency envelope.,54.13,61.19,45.4,6.06,us-east-1,2026.07.1
2026-06-25T21:30:00+00:00,recommendation-service,prod-simulated,INFO,req-f817d71852,trace-49fa7b7d5b7a,/recommendations/similar,200,187.26,,Request completed within expected latency envelope.,59.67,64.04,51.2,8.88,ap-south-1,2026.07.3
2026-06-25T21:30:00+00:00,database-service,prod-simulated,INFO,req-4b810a2dd6,trace-c749a5f359fa,/query/users,200,75.58,,Request completed within expected latency envelope.,63.37,60.71,23.74,0.0,us-west-2,2026.07.2
2026-06-25T21:30:00+00:00,notification-service,prod-simulated,INFO,req-98fa1c25db,trace-ef81d7dc6f44,/notify/webhook,200,83.69,,Request completed within expected latency envelope.,47.64,49.19,22.98,3.01,us-west-2,2026.07.1
2026-06-25T21:35:00+00:00,worker-service,prod-simulated,INFO,req-44e41000b4,trace-ba7c1776dfb0,/jobs/retry,200,121.57,,Request completed within expected latency envelope.,58.4,56.59,31.03,8.96,ap-south-1,2026.07.5
2026-06-25T21:35:00+00:00,notification-service,prod-simulated,INFO,req-5ce6c1fc00,trace-dcb8329f0bac,/notify/push,200,94.47,,Request completed within expected latency envelope.,35.34,50.47,19.5,2.28,us-west-2,2026.07.1
2026-06-25T21:35:00+00:00,recommendation-service,prod-simulated,INFO,req-19af38a47b,trace-3d3dfc37aebc,/recommendations/home,200,163.72,,Request completed within expected latency envelope.,60.59,67.04,37.38,3.55,ap-south-1,2026.07.3
2026-06-25T21:35:00+00:00,database-service,prod-simulated,INFO,req-67e469d583,trace-9f55d7279ce3,/query/orders,200,38.59,,Request completed within expected latency envelope.,59.32,64.11,33.96,2.58,us-west-2,2026.07.2
2026-06-25T21:35:00+00:00,payment-service,prod-simulated,INFO,req-d3a93901b9,trace-69758e9c0f42,/payments/status,200,133.11,,Request completed within expected latency envelope.,59.13,55.95,32.47,1.19,us-east-1,2026.07.1
2026-06-25T21:35:00+00:00,auth-service,prod-simulated,INFO,req-44d49a3de2,trace-b0ce2c122636,/auth/validate,200,98.24,,Request completed within expected latency envelope.,51.06,59.65,18.96,3.39,us-west-2,2026.07.3
2026-06-25T21:35:00+00:00,api-gateway,prod-simulated,INFO,req-c4423d6386,trace-60ae717774f0,/v1/recommendations,200,103.01,,Request completed within expected latency envelope.,38.1,60.8,40.34,3.98,us-east-1,2026.07.2
2026-06-25T21:40:00+00:00,api-gateway,prod-simulated,INFO,req-ff4a611285,trace-7459b1f39d52,/v1/search,200,97.15,,Request completed within expected latency envelope.,53.49,63.15,38.23,2.98,us-east-1,2026.07.2
2026-06-25T21:40:00+00:00,auth-service,prod-simulated,INFO,req-53842131ca,trace-e22f840ee5e2,/auth/refresh,200,84.35,,Request completed within expected latency envelope.,47.72,50.21,23.25,2.12,us-west-2,2026.07.3
2026-06-25T21:40:00+00:00,payment-service,prod-simulated,INFO,req-df532eb8f4,trace-cb40d54bc965,/payments/refund,200,173.92,,Request completed within expected latency envelope.,50.2,54.54,42.78,4.02,us-east-1,2026.07.1
2026-06-25T21:40:00+00:00,recommendation-service,prod-simulated,INFO,req-373a933190,trace-d729bf68cc99,/recommendations/similar,200,159.95,,Request completed within expected latency envelope.,63.39,67.85,50.62,3.89,ap-south-1,2026.07.3
2026-06-25T21:40:00+00:00,database-service,prod-simulated,INFO,req-d06aba5ac8,trace-6ff642404a19,/query/recommendations,200,99.7,,Request completed within expected latency envelope.,51.43,63.56,32.4,3.78,us-west-2,2026.07.2
2026-06-25T21:40:00+00:00,worker-service,prod-simulated,INFO,req-4633ce689b,trace-7cbe6398406c,/jobs/process,200,143.86,,Request completed within expected latency envelope.,56.05,54.96,32.48,9.2,ap-south-1,2026.07.5
2026-06-25T21:40:00+00:00,notification-service,prod-simulated,INFO,req-3282b401c2,trace-068301c1d659,/notify/email,200,137.56,,Request completed within expected latency envelope.,40.59,55.41,16.37,3.33,us-west-2,2026.07.1
2026-06-25T21:45:00+00:00,notification-service,prod-simulated,INFO,req-8b4567d005,trace-ec67a227e7af,/notify/webhook,200,102.91,,Request completed within expected latency envelope.,47.06,49.45,22.98,4.34,us-west-2,2026.07.1
2026-06-25T21:45:00+00:00,worker-service,prod-simulated,INFO,req-e693d02346,trace-3df60b29f9e1,/jobs/drain,200,147.16,,Request completed within expected latency envelope.,52.41,58.38,33.89,11.23,ap-south-1,2026.07.5
2026-06-25T21:45:00+00:00,database-service,prod-simulated,INFO,req-9226daf955,trace-9326f0a06ada,/query/users,200,106.72,,Request completed within expected latency envelope.,61.17,62.5,24.18,0.0,us-west-2,2026.07.2
2026-06-25T21:45:00+00:00,recommendation-service,prod-simulated,INFO,req-87925d6261,trace-90afd62b425c,/recommendations/home,200,168.64,,Request completed within expected latency envelope.,58.24,67.94,42.58,4.11,ap-south-1,2026.07.3
2026-06-25T21:45:00+00:00,payment-service,prod-simulated,INFO,req-8e4dc7890e,trace-83789af643ac,/payments/charge,200,167.93,,Request completed within expected latency envelope.,57.27,65.44,41.04,5.42,us-east-1,2026.07.1
2026-06-25T21:45:00+00:00,auth-service,prod-simulated,INFO,req-4d73fac3af,trace-6fb89e1b9d20,/auth/login,200,116.57,,Request completed within expected latency envelope.,42.5,53.44,34.5,5.16,us-west-2,2026.07.3
2026-06-25T21:45:00+00:00,api-gateway,prod-simulated,INFO,req-9e8ec97355,trace-9de187e62935,/v1/orders,200,107.27,,Request completed within expected latency envelope.,51.7,55.31,47.8,2.48,us-east-1,2026.07.2
2026-06-25T21:50:00+00:00,api-gateway,prod-simulated,INFO,req-ebb7246419,trace-a605515541c9,/v1/login,200,107.9,,Request completed within expected latency envelope.,48.56,55.18,33.56,2.03,us-east-1,2026.07.2
2026-06-25T21:50:00+00:00,auth-service,prod-simulated,INFO,req-2b4d3c84ae,trace-2a93a3902170,/auth/validate,200,110.58,,Request completed within expected latency envelope.,47.81,58.71,37.68,2.05,us-west-2,2026.07.3
2026-06-25T21:50:00+00:00,payment-service,prod-simulated,INFO,req-1e28290c28,trace-a161b6905add,/payments/status,200,139.34,,Request completed within expected latency envelope.,49.54,58.63,40.99,7.67,us-east-1,2026.07.1
2026-06-25T21:50:00+00:00,recommendation-service,prod-simulated,INFO,req-1b120315c0,trace-3113071b49ab,/recommendations/similar,200,176.32,,Request completed within expected latency envelope.,59.32,68.28,47.53,3.4,ap-south-1,2026.07.3
2026-06-25T21:50:00+00:00,database-service,prod-simulated,INFO,req-3a2c1aa2d2,trace-0bc48106d786,/query/orders,200,70.19,,Request completed within expected latency envelope.,61.27,60.45,31.31,0.7,us-west-2,2026.07.2
2026-06-25T21:50:00+00:00,worker-service,prod-simulated,INFO,req-32b8204cad,trace-fb98591595db,/jobs/retry,200,134.01,,Request completed within expected latency envelope.,44.66,60.41,29.29,6.12,ap-south-1,2026.07.5
2026-06-25T21:50:00+00:00,notification-service,prod-simulated,INFO,req-7ec0125e38,trace-e59b0cb130b1,/notify/push,200,93.61,,Request completed within expected latency envelope.,41.75,49.92,17.95,2.51,us-west-2,2026.07.1
2026-06-25T21:55:00+00:00,notification-service,prod-simulated,INFO,req-3281ca42b6,trace-e839cbf71b80,/notify/email,200,103.42,,Request completed within expected latency envelope.,44.04,44.86,22.95,4.31,us-west-2,2026.07.1
2026-06-25T21:55:00+00:00,worker-service,prod-simulated,INFO,req-f745343479,trace-7b3881cc65f1,/jobs/process,200,134.51,,Request completed within expected latency envelope.,58.8,54.76,35.16,9.88,ap-south-1,2026.07.5
2026-06-25T21:55:00+00:00,database-service,prod-simulated,INFO,req-333143c534,trace-838d351ba189,/query/recommendations,200,95.43,,Request completed within expected latency envelope.,58.91,62.06,20.73,2.44,us-west-2,2026.07.2
2026-06-25T21:55:00+00:00,recommendation-service,prod-simulated,INFO,req-d9f15308ee,trace-8d0c9e350f28,/recommendations/home,200,159.01,,Request completed within expected latency envelope.,58.48,66.21,43.27,6.07,ap-south-1,2026.07.3
2026-06-25T21:55:00+00:00,auth-service,prod-simulated,INFO,req-95ee5aa9b3,trace-56ee41f6ae50,/auth/refresh,200,99.61,,Request completed within expected latency envelope.,52.41,58.35,17.78,2.41,us-west-2,2026.07.3
2026-06-25T21:55:00+00:00,api-gateway,prod-simulated,INFO,req-aa5442b9b3,trace-d5026235db78,/v1/recommendations,200,128.57,,Request completed within expected latency envelope.,46.89,55.89,31.67,4.47,us-east-1,2026.07.2
2026-06-25T21:55:00+00:00,payment-service,prod-simulated,INFO,req-5d98806da2,trace-cc49286da410,/payments/refund,200,151.63,,Request completed within expected latency envelope.,53.57,57.99,50.17,1.97,us-east-1,2026.07.1
2026-06-25T22:00:00+00:00,notification-service,prod-simulated,INFO,req-c6862e960b,trace-2583e0d05d93,/notify/email,200,95.48,,Request completed within expected latency envelope.,48.52,51.4,21.32,1.92,eu-west-1,2026.07.1
2026-06-25T22:00:00+00:00,api-gateway,prod-simulated,INFO,req-7064cad442,trace-574c20bb8fc5,/v1/orders,200,130.35,,Request completed within expected latency envelope.,61.0,57.04,37.78,4.02,us-west-2,2026.07.2
2026-06-25T22:00:00+00:00,auth-service,prod-simulated,INFO,req-79fdaf10b1,trace-9893d9b5c703,/auth/refresh,200,129.96,,Request completed within expected latency envelope.,41.08,55.46,15.18,0.0,eu-west-1,2026.07.3
2026-06-25T22:00:00+00:00,payment-service,prod-simulated,INFO,req-fd701e630b,trace-59869fccd304,/payments/refund,200,181.08,,Request completed within expected latency envelope.,53.4,56.37,39.78,1.23,us-west-2,2026.07.1
2026-06-25T22:00:00+00:00,recommendation-service,prod-simulated,INFO,req-7d481aaeb3,trace-ee34e321545c,/recommendations/home,200,163.98,,Request completed within expected latency envelope.,52.85,64.1,41.73,3.73,us-east-1,2026.07.3
2026-06-25T22:00:00+00:00,database-service,prod-simulated,INFO,req-252e56754d,trace-f3355223ab19,/query/recommendations,200,74.22,,Request completed within expected latency envelope.,61.01,59.68,20.22,0.0,eu-west-1,2026.07.2
2026-06-25T22:00:00+00:00,worker-service,prod-simulated,INFO,req-d34db0f5ac,trace-b7068d5b321e,/jobs/process,200,121.63,,Request completed within expected latency envelope.,52.75,58.19,33.94,11.55,us-east-1,2026.07.5
2026-06-25T22:05:00+00:00,notification-service,prod-simulated,INFO,req-48221e942d,trace-fdd48ebcd021,/notify/webhook,200,106.91,,Request completed within expected latency envelope.,43.33,49.51,11.92,4.59,eu-west-1,2026.07.1
2026-06-25T22:05:00+00:00,worker-service,prod-simulated,INFO,req-8db6d03395,trace-322a0ee8de14,/jobs/drain,200,111.02,,Request completed within expected latency envelope.,58.17,55.51,37.04,8.98,us-east-1,2026.07.5
2026-06-25T22:05:00+00:00,database-service,prod-simulated,INFO,req-4f25070885,trace-935f617f2449,/query/users,200,68.0,,Request completed within expected latency envelope.,58.52,65.08,26.66,1.19,eu-west-1,2026.07.2
2026-06-25T22:05:00+00:00,payment-service,prod-simulated,INFO,req-298d8a7971,trace-615e792aac45,/payments/charge,200,111.57,,Request completed within expected latency envelope.,55.68,60.22,40.01,7.69,us-west-2,2026.07.1
2026-06-25T22:05:00+00:00,auth-service,prod-simulated,INFO,req-3729b45a0d,trace-a3357e87a764,/auth/login,200,100.03,,Request completed within expected latency envelope.,52.02,57.28,19.53,0.68,eu-west-1,2026.07.3
2026-06-25T22:05:00+00:00,api-gateway,prod-simulated,INFO,req-c840eace9f,trace-8fd75615112b,/v1/login,200,83.55,,Request completed within expected latency envelope.,55.76,59.21,32.0,3.45,us-west-2,2026.07.2
2026-06-25T22:05:00+00:00,recommendation-service,prod-simulated,INFO,req-db1abbb07f,trace-1961c34a5e48,/recommendations/similar,200,191.98,,Request completed within expected latency envelope.,53.11,61.65,46.85,3.39,us-east-1,2026.07.3
2026-06-25T22:10:00+00:00,database-service,prod-simulated,INFO,req-83a3d10b78,trace-a9e4c889fbab,/query/orders,200,76.17,,Request completed within expected latency envelope.,48.23,63.19,29.16,1.6,eu-west-1,2026.07.2
2026-06-25T22:10:00+00:00,recommendation-service,prod-simulated,INFO,req-b0016b21e9,trace-847f0620dd89,/recommendations/home,200,145.98,,Request completed within expected latency envelope.,57.59,69.52,43.7,3.15,us-east-1,2026.07.3
2026-06-25T22:10:00+00:00,worker-service,prod-simulated,INFO,req-46655b9c77,trace-4ea31816a24f,/jobs/retry,200,132.65,,Request completed within expected latency envelope.,50.5,53.62,36.86,13.04,us-east-1,2026.07.5
2026-06-25T22:10:00+00:00,auth-service,prod-simulated,INFO,req-573e6f861c,trace-5a616de5d76d,/auth/validate,200,100.46,,Request completed within expected latency envelope.,48.85,56.59,24.41,0.05,eu-west-1,2026.07.3
2026-06-25T22:10:00+00:00,api-gateway,prod-simulated,INFO,req-a30d01166a,trace-f8ee7cc7c811,/v1/recommendations,200,135.45,,Request completed within expected latency envelope.,52.97,60.2,43.03,5.86,us-west-2,2026.07.2
2026-06-25T22:10:00+00:00,payment-service,prod-simulated,INFO,req-3c74894e19,trace-1063a861ecae,/payments/status,200,151.76,,Request completed within expected latency envelope.,53.35,60.52,46.58,0.0,us-west-2,2026.07.1
2026-06-25T22:10:00+00:00,notification-service,prod-simulated,INFO,req-57b0e7d26a,trace-7826398d2cc1,/notify/push,200,106.16,,Request completed within expected latency envelope.,41.59,46.11,11.78,5.78,eu-west-1,2026.07.1
2026-06-25T22:15:00+00:00,worker-service,prod-simulated,INFO,req-bae3a08f45,trace-aa690e36a16e,/jobs/process,200,161.1,,Request completed within expected latency envelope.,59.27,53.29,26.52,9.43,us-east-1,2026.07.5
2026-06-25T22:15:00+00:00,notification-service,prod-simulated,INFO,req-bb3ff6d082,trace-5a1f9c59a0cd,/notify/email,200,86.44,,Request completed within expected latency envelope.,42.95,42.26,16.63,6.61,eu-west-1,2026.07.1
2026-06-25T22:15:00+00:00,recommendation-service,prod-simulated,INFO,req-8f9a4f6f9a,trace-f67073dac607,/recommendations/similar,200,202.46,,Request completed within expected latency envelope.,68.92,66.56,36.57,4.27,us-east-1,2026.07.3
2026-06-25T22:15:00+00:00,database-service,prod-simulated,INFO,req-bb7a9396bc,trace-363d4eeda4a7,/query/recommendations,200,82.53,,Request completed within expected latency envelope.,54.35,62.9,34.53,0.0,eu-west-1,2026.07.2
2026-06-25T22:15:00+00:00,payment-service,prod-simulated,INFO,req-7b49b5c2ab,trace-0521cab83675,/payments/refund,200,157.67,,Request completed within expected latency envelope.,61.52,63.08,50.79,2.81,us-west-2,2026.07.1
2026-06-25T22:15:00+00:00,auth-service,prod-simulated,INFO,req-4a0e310f2f,trace-ed55874166a1,/auth/refresh,200,75.01,,Request completed within expected latency envelope.,38.95,50.21,29.75,4.72,eu-west-1,2026.07.3
2026-06-25T22:15:00+00:00,api-gateway,prod-simulated,INFO,req-dc7802f209,trace-5bc1e353ba2b,/v1/search,200,131.95,,Request completed within expected latency envelope.,53.87,57.68,43.12,4.28,us-west-2,2026.07.2
2026-06-25T22:20:00+00:00,api-gateway,prod-simulated,INFO,req-d3219fa65d,trace-f75c8968c119,/v1/orders,200,89.9,,Request completed within expected latency envelope.,50.91,53.53,41.83,3.55,us-west-2,2026.07.2
2026-06-25T22:20:00+00:00,auth-service,prod-simulated,INFO,req-4a80f84644,trace-9c049fc393f0,/auth/login,200,129.93,,Request completed within expected latency envelope.,48.83,52.88,27.3,0.99,eu-west-1,2026.07.3
2026-06-25T22:20:00+00:00,payment-service,prod-simulated,INFO,req-b99739be86,trace-200ca29dba16,/payments/charge,200,131.49,,Request completed within expected latency envelope.,53.5,65.76,48.1,5.57,us-west-2,2026.07.1
2026-06-25T22:20:00+00:00,recommendation-service,prod-simulated,INFO,req-d0f84c74a4,trace-59e29942e6eb,/recommendations/home,200,176.31,,Request completed within expected latency envelope.,62.08,63.39,48.81,3.88,us-east-1,2026.07.3
2026-06-25T22:20:00+00:00,database-service,prod-simulated,INFO,req-4f4d8365f2,trace-a1f780a449b8,/query/users,200,74.58,,Request completed within expected latency envelope.,58.56,64.2,27.19,0.57,eu-west-1,2026.07.2
2026-06-25T22:20:00+00:00,worker-service,prod-simulated,INFO,req-e89f01d770,trace-5a6829a97b3e,/jobs/drain,200,104.52,,Request completed within expected latency envelope.,53.31,52.41,30.76,8.16,us-east-1,2026.07.5
2026-06-25T22:20:00+00:00,notification-service,prod-simulated,INFO,req-1043bbcd2f,trace-300783592f77,/notify/webhook,200,107.12,,Request completed within expected latency envelope.,42.3,50.82,27.06,2.09,eu-west-1,2026.07.1
2026-06-25T22:25:00+00:00,notification-service,prod-simulated,INFO,req-389adb8962,trace-d75a01a46b0a,/notify/push,200,96.15,,Request completed within expected latency envelope.,47.15,47.44,23.46,1.13,eu-west-1,2026.07.1
2026-06-25T22:25:00+00:00,worker-service,prod-simulated,INFO,req-c3c9160474,trace-20665399acba,/jobs/retry,200,110.92,,Request completed within expected latency envelope.,52.32,60.76,33.77,9.66,us-east-1,2026.07.5
2026-06-25T22:25:00+00:00,database-service,prod-simulated,INFO,req-4bf80d8a7f,trace-cab2fa218224,/query/orders,200,83.11,,Request completed within expected latency envelope.,58.99,65.02,28.43,1.3,eu-west-1,2026.07.2
2026-06-25T22:25:00+00:00,recommendation-service,prod-simulated,INFO,req-fda94958c9,trace-d268337ec548,/recommendations/similar,200,136.24,,Request completed within expected latency envelope.,61.64,69.62,40.93,5.81,us-east-1,2026.07.3
2026-06-25T22:25:00+00:00,payment-service,prod-simulated,INFO,req-694fb4bd42,trace-15c5ebdc11b6,/payments/status,200,153.09,,Request completed within expected latency envelope.,49.39,58.86,47.66,6.28,us-west-2,2026.07.1
2026-06-25T22:25:00+00:00,auth-service,prod-simulated,INFO,req-0ff70af25d,trace-078c2a44c296,/auth/validate,200,81.37,,Request completed within expected latency envelope.,53.45,53.7,28.53,2.95,eu-west-1,2026.07.3
2026-06-25T22:25:00+00:00,api-gateway,prod-simulated,INFO,req-9f9090d821,trace-0242be499aab,/v1/login,200,132.29,,Request completed within expected latency envelope.,47.15,58.62,29.14,5.49,us-west-2,2026.07.2
2026-06-25T22:30:00+00:00,api-gateway,prod-simulated,INFO,req-94a95c4a2d,trace-5829a92abaac,/v1/recommendations,200,90.96,,Request completed within expected latency envelope.,52.82,58.39,39.79,6.13,us-west-2,2026.07.2
2026-06-25T22:30:00+00:00,auth-service,prod-simulated,INFO,req-a57d2e73e0,trace-c7bc65c2d50f,/auth/refresh,200,87.58,,Request completed within expected latency envelope.,49.77,51.27,31.56,3.26,eu-west-1,2026.07.3
2026-06-25T22:30:00+00:00,payment-service,prod-simulated,INFO,req-05543167f8,trace-a1fd151329a2,/payments/refund,200,158.7,,Request completed within expected latency envelope.,60.15,56.82,64.08,7.5,us-west-2,2026.07.1
2026-06-25T22:30:00+00:00,recommendation-service,prod-simulated,INFO,req-fca65994a3,trace-02e22d9b35fa,/recommendations/home,200,185.73,,Request completed within expected latency envelope.,55.45,62.71,43.11,8.4,us-east-1,2026.07.3
2026-06-25T22:30:00+00:00,database-service,prod-simulated,INFO,req-7e1f68c7e6,trace-3cf2362a757b,/query/recommendations,200,56.47,,Request completed within expected latency envelope.,59.32,68.81,13.98,0.05,eu-west-1,2026.07.2
2026-06-25T22:30:00+00:00,worker-service,prod-simulated,INFO,req-eaa90dd3a4,trace-539e61b63244,/jobs/process,200,148.57,,Request completed within expected latency envelope.,47.93,53.87,38.88,9.56,us-east-1,2026.07.5
2026-06-25T22:30:00+00:00,notification-service,prod-simulated,INFO,req-f664523bed,trace-86cf81e2545d,/notify/email,200,111.41,,Request completed within expected latency envelope.,49.7,51.02,21.09,3.13,eu-west-1,2026.07.1
2026-06-25T22:35:00+00:00,notification-service,prod-simulated,INFO,req-ff619fd499,trace-8edc36e551aa,/notify/webhook,200,105.29,,Request completed within expected latency envelope.,48.12,50.79,16.0,4.36,eu-west-1,2026.07.1
2026-06-25T22:35:00+00:00,worker-service,prod-simulated,INFO,req-aced47a357,trace-a4162dd6dc81,/jobs/drain,200,114.51,,Request completed within expected latency envelope.,47.25,60.31,32.51,9.18,us-east-1,2026.07.5
2026-06-25T22:35:00+00:00,database-service,prod-simulated,INFO,req-dc7a202edb,trace-67daa97d200f,/query/users,200,88.33,,Request completed within expected latency envelope.,57.97,59.11,27.26,2.0,eu-west-1,2026.07.2
2026-06-25T22:35:00+00:00,recommendation-service,prod-simulated,INFO,req-67c6baeb1c,trace-8272af1b7f64,/recommendations/similar,200,141.4,,Request completed within expected latency envelope.,54.0,66.53,39.95,6.86,us-east-1,2026.07.3
2026-06-25T22:35:00+00:00,payment-service,prod-simulated,INFO,req-8950d0e065,trace-7c4c5e288ac6,/payments/charge,200,130.42,,Request completed within expected latency envelope.,51.07,54.07,39.29,6.14,us-west-2,2026.07.1
2026-06-25T22:35:00+00:00,auth-service,prod-simulated,INFO,req-a9072cd7f7,trace-9963fcc01428,/auth/login,200,87.51,,Request completed within expected latency envelope.,41.99,49.61,26.61,5.13,eu-west-1,2026.07.3
2026-06-25T22:35:00+00:00,api-gateway,prod-simulated,INFO,req-0938f51206,trace-82562583e0e9,/v1/search,200,110.6,,Request completed within expected latency envelope.,46.89,59.23,36.88,5.4,us-west-2,2026.07.2
2026-06-25T22:40:00+00:00,api-gateway,prod-simulated,INFO,req-fc9f027516,trace-f7397f0375f8,/v1/orders,200,148.65,,Request completed within expected latency envelope.,57.55,60.02,31.27,11.5,us-west-2,2026.07.2
2026-06-25T22:40:00+00:00,auth-service,prod-simulated,INFO,req-0bc0044a68,trace-70c8b975f8e6,/auth/validate,200,73.42,,Request completed within expected latency envelope.,46.51,51.9,33.76,2.84,eu-west-1,2026.07.3
2026-06-25T22:40:00+00:00,payment-service,prod-simulated,INFO,req-0e5014ea3c,trace-74438b3f426f,/payments/status,200,121.76,,Request completed within expected latency envelope.,48.75,61.66,53.23,3.46,us-west-2,2026.07.1
2026-06-25T22:40:00+00:00,recommendation-service,prod-simulated,INFO,req-3336d7106b,trace-0afcc36857e7,/recommendations/home,200,149.31,,Request completed within expected latency envelope.,64.11,67.5,37.53,8.58,us-east-1,2026.07.3
2026-06-25T22:40:00+00:00,database-service,prod-simulated,INFO,req-82b84f6f41,trace-bd25a5906b38,/query/orders,200,85.09,,Request completed within expected latency envelope.,55.21,62.14,23.36,4.45,eu-west-1,2026.07.2
2026-06-25T22:40:00+00:00,worker-service,prod-simulated,INFO,req-66712e790f,trace-f914b2e09de0,/jobs/retry,200,113.86,,Request completed within expected latency envelope.,48.81,55.98,32.91,11.62,us-east-1,2026.07.5
2026-06-25T22:40:00+00:00,notification-service,prod-simulated,INFO,req-06f71634e9,trace-7dc73c72adf4,/notify/push,200,123.0,,Request completed within expected latency envelope.,43.24,41.1,16.36,1.63,eu-west-1,2026.07.1
2026-06-25T22:45:00+00:00,notification-service,prod-simulated,INFO,req-9b0c750267,trace-09e761fb7116,/notify/email,200,103.33,,Request completed within expected latency envelope.,40.27,49.07,24.3,1.88,eu-west-1,2026.07.1
2026-06-25T22:45:00+00:00,worker-service,prod-simulated,INFO,req-9018b6f91d,trace-39300077e6f6,/jobs/process,200,120.53,,Request completed within expected latency envelope.,48.33,56.17,46.26,11.48,us-east-1,2026.07.5
2026-06-25T22:45:00+00:00,database-service,prod-simulated,INFO,req-510209db1b,trace-d0c47e027d25,/query/recommendations,200,73.07,,Request completed within expected latency envelope.,56.06,63.36,31.48,0.0,eu-west-1,2026.07.2
2026-06-25T22:45:00+00:00,recommendation-service,prod-simulated,INFO,req-366f2b56af,trace-9bf5e3c585da,/recommendations/similar,200,177.4,,Request completed within expected latency envelope.,65.25,64.74,41.14,10.41,us-east-1,2026.07.3
2026-06-25T22:45:00+00:00,payment-service,prod-simulated,INFO,req-741150cd84,trace-25e8b68a5583,/payments/refund,200,136.52,,Request completed within expected latency envelope.,63.78,65.58,42.56,4.07,us-west-2,2026.07.1
2026-06-25T22:45:00+00:00,auth-service,prod-simulated,INFO,req-755025b1dc,trace-0207536e8aa0,/auth/refresh,200,73.55,,Request completed within expected latency envelope.,43.21,55.09,31.25,3.93,eu-west-1,2026.07.3
2026-06-25T22:45:00+00:00,api-gateway,prod-simulated,INFO,req-861ea54648,trace-98eafdb82986,/v1/login,200,91.17,,Request completed within expected latency envelope.,49.8,59.0,31.49,6.57,us-west-2,2026.07.2
2026-06-25T22:50:00+00:00,api-gateway,prod-simulated,INFO,req-a514105cc8,trace-6abb9a90bf28,/v1/recommendations,200,136.11,,Request completed within expected latency envelope.,46.51,57.13,48.46,0.0,us-west-2,2026.07.2
2026-06-25T22:50:00+00:00,auth-service,prod-simulated,INFO,req-54138b390b,trace-2fbfa8e873a7,/auth/login,200,116.39,,Request completed within expected latency envelope.,40.59,53.73,22.96,3.65,eu-west-1,2026.07.3
2026-06-25T22:50:00+00:00,payment-service,prod-simulated,INFO,req-5906129a06,trace-3ce349f7fc6d,/payments/charge,200,165.88,,Request completed within expected latency envelope.,55.97,62.22,52.0,3.57,us-west-2,2026.07.1
2026-06-25T22:50:00+00:00,recommendation-service,prod-simulated,INFO,req-f43d1a0fea,trace-74d87c8f586f,/recommendations/home,200,183.85,,Request completed within expected latency envelope.,56.75,65.11,40.31,7.16,us-east-1,2026.07.3
2026-06-25T22:50:00+00:00,database-service,prod-simulated,INFO,req-0b6554a4e5,trace-9b6af345bda1,/query/users,200,67.41,,Request completed within expected latency envelope.,53.07,63.53,38.32,4.18,eu-west-1,2026.07.2
2026-06-25T22:50:00+00:00,worker-service,prod-simulated,INFO,req-e3ac031c0c,trace-9e2dd3c673ae,/jobs/drain,200,133.06,,Request completed within expected latency envelope.,50.97,51.74,28.32,11.94,us-east-1,2026.07.5
2026-06-25T22:50:00+00:00,notification-service,prod-simulated,INFO,req-e266371139,trace-3be724dfdadf,/notify/webhook,200,126.77,,Request completed within expected latency envelope.,33.84,49.18,18.05,0.33,eu-west-1,2026.07.1
2026-06-25T22:55:00+00:00,notification-service,prod-simulated,INFO,req-9c16adb18a,trace-49df25f7bd36,/notify/push,200,119.79,,Request completed within expected latency envelope.,47.02,47.67,13.53,0.0,eu-west-1,2026.07.1
2026-06-25T22:55:00+00:00,worker-service,prod-simulated,INFO,req-577ffc5863,trace-7176110d7c6d,/jobs/retry,200,179.64,,Request completed within expected latency envelope.,46.42,56.93,28.6,12.31,us-east-1,2026.07.5
2026-06-25T22:55:00+00:00,database-service,prod-simulated,INFO,req-ac193cbcaf,trace-66b8efb185fd,/query/orders,200,45.2,,Request completed within expected latency envelope.,58.75,62.42,35.7,2.18,eu-west-1,2026.07.2
2026-06-25T22:55:00+00:00,recommendation-service,prod-simulated,INFO,req-0619fabe72,trace-e3b5f5a026ce,/recommendations/similar,200,186.38,,Request completed within expected latency envelope.,54.66,64.09,45.58,5.34,us-east-1,2026.07.3
2026-06-25T22:55:00+00:00,auth-service,prod-simulated,INFO,req-c6b2e16ed7,trace-2e98bd649f7b,/auth/validate,200,67.23,,Request completed within expected latency envelope.,49.71,50.31,28.69,3.27,eu-west-1,2026.07.3
2026-06-25T22:55:00+00:00,payment-service,prod-simulated,INFO,req-c6fbf28b80,trace-6c05a7d6da88,/payments/status,200,161.72,,Request completed within expected latency envelope.,52.75,63.91,39.1,1.84,us-west-2,2026.07.1
2026-06-25T22:55:00+00:00,api-gateway,prod-simulated,INFO,req-85e37fb255,trace-de01389f61ab,/v1/search,200,109.65,,Request completed within expected latency envelope.,57.56,53.54,31.18,4.9,us-west-2,2026.07.2
2026-06-25T23:00:00+00:00,api-gateway,prod-simulated,INFO,req-b1ca7c5eb6,trace-b0930bb4041a,/v1/login,200,140.77,,Request completed within expected latency envelope.,54.03,57.22,43.6,5.5,eu-west-1,2026.07.2
2026-06-25T23:00:00+00:00,auth-service,prod-simulated,INFO,req-c4cfc40ac3,trace-60d6bcbfd42d,/auth/validate,200,112.55,,Request completed within expected latency envelope.,41.51,51.86,25.17,2.71,ap-south-1,2026.07.3
2026-06-25T23:00:00+00:00,payment-service,prod-simulated,INFO,req-d56f168a6a,trace-476e201642c1,/payments/status,200,135.24,,Request completed within expected latency envelope.,53.97,61.42,44.26,3.51,eu-west-1,2026.07.1
2026-06-25T23:00:00+00:00,recommendation-service,prod-simulated,INFO,req-19a8cdbbcb,trace-0114ad3a8fd8,/recommendations/similar,200,168.33,,Request completed within expected latency envelope.,60.98,66.41,46.35,1.95,us-west-2,2026.07.3
2026-06-25T23:00:00+00:00,database-service,prod-simulated,INFO,req-1aac1405d0,trace-8e0fbe69c053,/query/orders,200,70.36,,Request completed within expected latency envelope.,55.89,60.42,29.98,0.0,ap-south-1,2026.07.2
2026-06-25T23:00:00+00:00,worker-service,prod-simulated,INFO,req-fc9190ad9b,trace-89ce73b46465,/jobs/retry,200,111.57,,Request completed within expected latency envelope.,50.3,58.04,37.25,8.9,us-west-2,2026.07.5
2026-06-25T23:00:00+00:00,notification-service,prod-simulated,INFO,req-ee2466aaae,trace-a5c82885a0b4,/notify/push,200,89.51,,Request completed within expected latency envelope.,47.05,50.31,25.79,0.0,ap-south-1,2026.07.1
2026-06-25T23:05:00+00:00,notification-service,prod-simulated,INFO,req-d92213941e,trace-453507aacc62,/notify/email,200,133.67,,Request completed within expected latency envelope.,44.96,51.43,2.48,1.69,ap-south-1,2026.07.1
2026-06-25T23:05:00+00:00,worker-service,prod-simulated,INFO,req-1298c39cc7,trace-57d54bebf3f2,/jobs/process,200,102.92,,Request completed within expected latency envelope.,54.91,56.86,32.41,9.07,us-west-2,2026.07.5
2026-06-25T23:05:00+00:00,database-service,prod-simulated,INFO,req-5a1d6ef711,trace-872fae69c022,/query/recommendations,200,46.08,,Request completed within expected latency envelope.,52.01,58.32,24.87,0.0,ap-south-1,2026.07.2
2026-06-25T23:05:00+00:00,recommendation-service,prod-simulated,INFO,req-9afa46b861,trace-73867fe9e050,/recommendations/home,200,148.61,,Request completed within expected latency envelope.,56.78,63.9,33.38,3.94,us-west-2,2026.07.3
2026-06-25T23:05:00+00:00,payment-service,prod-simulated,INFO,req-1c33a7aae8,trace-eaf411cc7cca,/payments/refund,200,131.92,,Request completed within expected latency envelope.,54.38,65.23,41.63,3.84,eu-west-1,2026.07.1
2026-06-25T23:05:00+00:00,auth-service,prod-simulated,INFO,req-9744145f58,trace-be14da2974ba,/auth/refresh,200,69.93,,Request completed within expected latency envelope.,45.55,53.97,22.1,0.16,ap-south-1,2026.07.3
2026-06-25T23:05:00+00:00,api-gateway,prod-simulated,INFO,req-c786d9289b,trace-452f40755017,/v1/recommendations,200,84.43,,Request completed within expected latency envelope.,48.9,65.95,35.38,2.66,eu-west-1,2026.07.2
2026-06-25T23:10:00+00:00,api-gateway,prod-simulated,INFO,req-0f557026ff,trace-13b0115c2f0f,/v1/search,200,70.92,,Request completed within expected latency envelope.,50.3,59.12,33.95,5.04,eu-west-1,2026.07.2
2026-06-25T23:10:00+00:00,auth-service,prod-simulated,INFO,req-053137fdf7,trace-c44773451284,/auth/login,200,76.59,,Request completed within expected latency envelope.,50.3,49.34,22.43,2.84,ap-south-1,2026.07.3
2026-06-25T23:10:00+00:00,payment-service,prod-simulated,INFO,req-6abfe4c084,trace-38366c9e35b6,/payments/charge,200,174.73,,Request completed within expected latency envelope.,64.06,63.07,38.59,10.19,eu-west-1,2026.07.1
2026-06-25T23:10:00+00:00,recommendation-service,prod-simulated,INFO,req-afa1c1ad4e,trace-ebd197302625,/recommendations/similar,200,159.08,,Request completed within expected latency envelope.,62.28,63.3,42.25,5.68,us-west-2,2026.07.3
2026-06-25T23:10:00+00:00,database-service,prod-simulated,INFO,req-062275e357,trace-07941a52e99d,/query/users,200,55.7,,Request completed within expected latency envelope.,57.0,60.91,20.07,0.0,ap-south-1,2026.07.2
2026-06-25T23:10:00+00:00,worker-service,prod-simulated,INFO,req-3fe8be696d,trace-1b3a85cbba1a,/jobs/drain,200,108.04,,Request completed within expected latency envelope.,54.78,56.47,35.14,10.45,us-west-2,2026.07.5
2026-06-25T23:10:00+00:00,notification-service,prod-simulated,INFO,req-c9590a093e,trace-c5a70490dbf1,/notify/webhook,200,122.26,,Request completed within expected latency envelope.,40.59,51.83,15.85,6.44,ap-south-1,2026.07.1
2026-06-25T23:15:00+00:00,notification-service,prod-simulated,INFO,req-dc4b254c4b,trace-fdadc3b1ba85,/notify/push,200,91.3,,Request completed within expected latency envelope.,41.46,52.35,19.13,3.95,ap-south-1,2026.07.1
2026-06-25T23:15:00+00:00,worker-service,prod-simulated,INFO,req-472ddb9874,trace-7c131268005e,/jobs/retry,200,158.71,,Request completed within expected latency envelope.,50.6,60.7,40.34,4.69,us-west-2,2026.07.5
2026-06-25T23:15:00+00:00,database-service,prod-simulated,INFO,req-3e80a704e4,trace-f050cad2ab19,/query/orders,200,76.23,,Request completed within expected latency envelope.,58.98,62.77,23.54,2.57,ap-south-1,2026.07.2
2026-06-25T23:15:00+00:00,payment-service,prod-simulated,INFO,req-d0bba28c62,trace-b0cc9b20fb56,/payments/status,200,138.68,,Request completed within expected latency envelope.,52.84,55.66,51.9,4.31,eu-west-1,2026.07.1
2026-06-25T23:15:00+00:00,auth-service,prod-simulated,INFO,req-a8f52c2abc,trace-bc0d35a760f4,/auth/validate,200,109.47,,Request completed within expected latency envelope.,46.87,52.64,24.13,2.82,ap-south-1,2026.07.3
2026-06-25T23:15:00+00:00,api-gateway,prod-simulated,INFO,req-7ecb2703cc,trace-1b591550660b,/v1/orders,200,122.98,,Request completed within expected latency envelope.,54.86,56.63,35.24,4.6,eu-west-1,2026.07.2
2026-06-25T23:15:00+00:00,recommendation-service,prod-simulated,INFO,req-4e56a684e6,trace-e5986ba95350,/recommendations/home,200,164.49,,Request completed within expected latency envelope.,58.69,64.82,43.4,3.96,us-west-2,2026.07.3
2026-06-25T23:20:00+00:00,worker-service,prod-simulated,INFO,req-ea8e9bb6db,trace-790275fa7716,/jobs/process,200,125.5,,Request completed within expected latency envelope.,53.73,54.86,33.34,11.11,us-west-2,2026.07.5
2026-06-25T23:20:00+00:00,database-service,prod-simulated,INFO,req-4321a60858,trace-53c471f567f3,/query/recommendations,200,84.36,,Request completed within expected latency envelope.,60.22,65.02,35.85,1.34,ap-south-1,2026.07.2
2026-06-25T23:20:00+00:00,recommendation-service,prod-simulated,INFO,req-bc967ac38b,trace-5c54e0aab261,/recommendations/similar,200,173.96,,Request completed within expected latency envelope.,61.24,65.87,44.11,5.13,us-west-2,2026.07.3
2026-06-25T23:20:00+00:00,notification-service,prod-simulated,INFO,req-62d035f2e7,trace-3e71f0d37523,/notify/email,200,133.03,,Request completed within expected latency envelope.,46.13,45.1,16.38,0.0,ap-south-1,2026.07.1
2026-06-25T23:20:00+00:00,auth-service,prod-simulated,INFO,req-0d8eda7bea,trace-df6f3bf77f27,/auth/refresh,200,92.86,,Request completed within expected latency envelope.,48.68,51.82,29.44,3.83,ap-south-1,2026.07.3
2026-06-25T23:20:00+00:00,api-gateway,prod-simulated,INFO,req-8173e987df,trace-d8ba82d15c53,/v1/login,200,121.45,,Request completed within expected latency envelope.,48.4,55.76,30.66,3.66,eu-west-1,2026.07.2
2026-06-25T23:20:00+00:00,payment-service,prod-simulated,INFO,req-63d5ca53d8,trace-f06ca1b18b2e,/payments/refund,200,146.17,,Request completed within expected latency envelope.,53.29,61.29,57.84,4.46,eu-west-1,2026.07.1
2026-06-25T23:25:00+00:00,api-gateway,prod-simulated,INFO,req-de3d614860,trace-b666af7ba775,/v1/recommendations,200,114.64,,Request completed within expected latency envelope.,50.08,57.88,23.53,3.88,eu-west-1,2026.07.2
2026-06-25T23:25:00+00:00,auth-service,prod-simulated,INFO,req-732ea4d5a0,trace-0baaaa26bb80,/auth/login,200,125.31,,Request completed within expected latency envelope.,49.88,56.44,18.6,0.0,ap-south-1,2026.07.3
2026-06-25T23:25:00+00:00,payment-service,prod-simulated,INFO,req-b11d50bcd6,trace-2bb28e7e13f7,/payments/charge,200,157.1,,Request completed within expected latency envelope.,51.98,60.4,43.28,2.86,eu-west-1,2026.07.1
2026-06-25T23:25:00+00:00,recommendation-service,prod-simulated,INFO,req-d924c94826,trace-32ba4ed3eced,/recommendations/home,200,170.93,,Request completed within expected latency envelope.,60.16,69.59,45.99,7.47,us-west-2,2026.07.3
2026-06-25T23:25:00+00:00,database-service,prod-simulated,INFO,req-3a25b18a4e,trace-df6295929594,/query/users,200,80.79,,Request completed within expected latency envelope.,54.62,60.19,19.17,6.76,ap-south-1,2026.07.2
2026-06-25T23:25:00+00:00,worker-service,prod-simulated,INFO,req-b1852ab8e6,trace-1a314ef263de,/jobs/drain,200,105.57,,Request completed within expected latency envelope.,52.16,55.92,33.31,8.83,us-west-2,2026.07.5
2026-06-25T23:25:00+00:00,notification-service,prod-simulated,INFO,req-828b0d09d7,trace-c93f35527d07,/notify/webhook,200,71.37,,Request completed within expected latency envelope.,40.01,45.83,17.24,1.63,ap-south-1,2026.07.1
2026-06-25T23:30:00+00:00,database-service,prod-simulated,INFO,req-7c6644ec85,trace-716bf8d12770,/query/orders,200,87.1,,Request completed within expected latency envelope.,60.6,60.47,19.39,3.16,ap-south-1,2026.07.2
2026-06-25T23:30:00+00:00,recommendation-service,prod-simulated,INFO,req-56dac67b8d,trace-07eadb1aef72,/recommendations/similar,200,132.18,,Request completed within expected latency envelope.,56.01,64.62,37.03,5.32,us-west-2,2026.07.3
2026-06-25T23:30:00+00:00,worker-service,prod-simulated,INFO,req-186a2a3754,trace-64b91f402b9a,/jobs/retry,200,103.8,,Request completed within expected latency envelope.,58.31,56.2,30.3,12.11,us-west-2,2026.07.5
2026-06-25T23:30:00+00:00,auth-service,prod-simulated,INFO,req-eb80523c7b,trace-73e4746aa84e,/auth/validate,200,99.05,,Request completed within expected latency envelope.,42.7,55.97,21.57,2.82,ap-south-1,2026.07.3
2026-06-25T23:30:00+00:00,api-gateway,prod-simulated,INFO,req-89fe8f64ec,trace-35fb0290c4b9,/v1/search,200,97.63,,Request completed within expected latency envelope.,52.86,56.25,43.59,3.23,eu-west-1,2026.07.2
2026-06-25T23:30:00+00:00,payment-service,prod-simulated,INFO,req-9294918f9f,trace-fae2d99eff96,/payments/status,200,176.01,,Request completed within expected latency envelope.,59.09,61.13,47.49,4.74,eu-west-1,2026.07.1
2026-06-25T23:30:00+00:00,notification-service,prod-simulated,INFO,req-5fe32766ad,trace-1cb471262002,/notify/push,200,111.11,,Request completed within expected latency envelope.,49.69,50.23,20.83,4.08,ap-south-1,2026.07.1
2026-06-25T23:35:00+00:00,worker-service,prod-simulated,INFO,req-da6922add3,trace-30cb72e40071,/jobs/process,200,110.61,,Request completed within expected latency envelope.,54.76,53.71,41.99,10.43,us-west-2,2026.07.5
2026-06-25T23:35:00+00:00,notification-service,prod-simulated,INFO,req-5a2ca001bb,trace-7fc49446aba4,/notify/email,200,82.02,,Request completed within expected latency envelope.,45.13,50.5,22.57,5.32,ap-south-1,2026.07.1
2026-06-25T23:35:00+00:00,database-service,prod-simulated,INFO,req-31d01b2d4a,trace-722b7cf94734,/query/recommendations,200,80.81,,Request completed within expected latency envelope.,57.33,62.44,27.9,0.0,ap-south-1,2026.07.2
2026-06-25T23:35:00+00:00,auth-service,prod-simulated,INFO,req-9a843f1608,trace-bd658bd06df3,/auth/refresh,200,127.83,,Request completed within expected latency envelope.,46.82,50.75,18.37,6.54,ap-south-1,2026.07.3
2026-06-25T23:35:00+00:00,payment-service,prod-simulated,INFO,req-3af5e495cc,trace-2bc9254c091b,/payments/refund,200,151.8,,Request completed within expected latency envelope.,55.72,61.88,44.49,3.36,eu-west-1,2026.07.1
2026-06-25T23:35:00+00:00,recommendation-service,prod-simulated,INFO,req-e1703afbb8,trace-db37f67646bd,/recommendations/home,200,163.93,,Request completed within expected latency envelope.,61.37,68.65,36.34,5.1,us-west-2,2026.07.3
2026-06-25T23:35:00+00:00,api-gateway,prod-simulated,INFO,req-76411ce42f,trace-f756d3566775,/v1/orders,200,95.77,,Request completed within expected latency envelope.,52.41,54.09,42.08,0.38,eu-west-1,2026.07.2
2026-06-25T23:40:00+00:00,worker-service,prod-simulated,INFO,req-e3103803a8,trace-5025c8534309,/jobs/drain,200,144.19,,Request completed within expected latency envelope.,45.43,56.99,35.8,9.27,us-west-2,2026.07.5
2026-06-25T23:40:00+00:00,database-service,prod-simulated,INFO,req-c32a5d3016,trace-e3a49cdd40ba,/query/users,200,73.94,,Request completed within expected latency envelope.,58.44,62.97,24.27,0.0,ap-south-1,2026.07.2
2026-06-25T23:40:00+00:00,recommendation-service,prod-simulated,INFO,req-e1815e8393,trace-9f7affb41b7e,/recommendations/similar,200,163.69,,Request completed within expected latency envelope.,60.13,67.96,45.0,7.17,us-west-2,2026.07.3
2026-06-25T23:40:00+00:00,notification-service,prod-simulated,INFO,req-945c175f34,trace-6b8d1bd6b8f7,/notify/webhook,200,108.42,,Request completed within expected latency envelope.,43.1,56.72,19.59,4.7,ap-south-1,2026.07.1
2026-06-25T23:40:00+00:00,auth-service,prod-simulated,INFO,req-d841432597,trace-1a2dba127233,/auth/login,200,100.12,,Request completed within expected latency envelope.,48.06,52.53,19.57,2.7,ap-south-1,2026.07.3
2026-06-25T23:40:00+00:00,api-gateway,prod-simulated,INFO,req-d7787279e7,trace-5c48259f7e24,/v1/login,200,103.4,,Request completed within expected latency envelope.,49.17,56.18,32.11,2.51,eu-west-1,2026.07.2
2026-06-25T23:40:00+00:00,payment-service,prod-simulated,INFO,req-58dc455813,trace-0af133b85620,/payments/charge,200,118.4,,Request completed within expected latency envelope.,56.5,62.89,47.69,4.8,eu-west-1,2026.07.1
2026-06-25T23:45:00+00:00,api-gateway,prod-simulated,INFO,req-f0234a3a26,trace-50f369563b75,/v1/recommendations,200,92.04,,Request completed within expected latency envelope.,46.37,55.9,35.42,4.49,eu-west-1,2026.07.2
2026-06-25T23:45:00+00:00,auth-service,prod-simulated,INFO,req-ea08e5ee23,trace-ba9670c7cea4,/auth/validate,200,110.82,,Request completed within expected latency envelope.,48.46,55.32,16.1,4.21,ap-south-1,2026.07.3
2026-06-25T23:45:00+00:00,payment-service,prod-simulated,INFO,req-0f0e122306,trace-f4e89dfa074b,/payments/status,200,109.82,,Request completed within expected latency envelope.,57.67,58.14,39.8,3.71,eu-west-1,2026.07.1
2026-06-25T23:45:00+00:00,recommendation-service,prod-simulated,INFO,req-c236eee785,trace-8477ba10c4c1,/recommendations/home,200,152.7,,Request completed within expected latency envelope.,63.1,64.56,46.57,7.18,us-west-2,2026.07.3
2026-06-25T23:45:00+00:00,database-service,prod-simulated,INFO,req-1013474ba6,trace-b170d6ff1ebd,/query/orders,200,93.73,,Request completed within expected latency envelope.,61.6,65.35,32.62,0.0,ap-south-1,2026.07.2
2026-06-25T23:45:00+00:00,worker-service,prod-simulated,INFO,req-6f53cc5f88,trace-1f43909b980e,/jobs/retry,200,120.29,,Request completed within expected latency envelope.,45.68,57.88,30.96,10.8,us-west-2,2026.07.5
2026-06-25T23:45:00+00:00,notification-service,prod-simulated,INFO,req-e375a9bdb2,trace-4f4e48721164,/notify/push,200,114.49,,Request completed within expected latency envelope.,38.59,46.96,15.9,1.96,ap-south-1,2026.07.1
2026-06-25T23:50:00+00:00,database-service,prod-simulated,INFO,req-e248333d27,trace-0c5e7700de08,/query/recommendations,200,78.53,,Request completed within expected latency envelope.,56.61,66.88,19.11,0.0,ap-south-1,2026.07.2
2026-06-25T23:50:00+00:00,worker-service,prod-simulated,INFO,req-1c192570cd,trace-b6a507f20527,/jobs/process,200,110.84,,Request completed within expected latency envelope.,48.05,57.89,38.31,5.89,us-west-2,2026.07.5
2026-06-25T23:50:00+00:00,recommendation-service,prod-simulated,INFO,req-d817be3f9a,trace-23a47c6fd09c,/recommendations/similar,200,171.05,,Request completed within expected latency envelope.,57.56,65.88,40.04,6.2,us-west-2,2026.07.3
2026-06-25T23:50:00+00:00,notification-service,prod-simulated,INFO,req-c221f94552,trace-25e137b73c44,/notify/email,200,73.83,,Request completed within expected latency envelope.,46.26,48.47,13.69,1.87,ap-south-1,2026.07.1
2026-06-25T23:50:00+00:00,auth-service,prod-simulated,INFO,req-ae6427f9cd,trace-359b3cdc0b34,/auth/refresh,200,107.9,,Request completed within expected latency envelope.,42.78,52.32,15.5,0.0,ap-south-1,2026.07.3
2026-06-25T23:50:00+00:00,api-gateway,prod-simulated,INFO,req-e145d6c626,trace-ec563d67ff53,/v1/search,200,113.01,,Request completed within expected latency envelope.,47.38,58.14,27.87,0.0,eu-west-1,2026.07.2
2026-06-25T23:50:00+00:00,payment-service,prod-simulated,INFO,req-5e99f67f79,trace-c5c2abea9ee6,/payments/refund,200,148.95,,Request completed within expected latency envelope.,57.22,57.62,47.81,4.89,eu-west-1,2026.07.1
2026-06-25T23:55:00+00:00,api-gateway,prod-simulated,INFO,req-cd055b559a,trace-fc100ffd1f14,/v1/orders,200,111.57,,Request completed within expected latency envelope.,53.73,58.53,42.43,2.91,eu-west-1,2026.07.2
2026-06-25T23:55:00+00:00,auth-service,prod-simulated,INFO,req-a10a979024,trace-74edd881fbdb,/auth/login,200,90.26,,Request completed within expected latency envelope.,43.38,55.06,28.0,0.01,ap-south-1,2026.07.3
2026-06-25T23:55:00+00:00,payment-service,prod-simulated,INFO,req-cc414d48e7,trace-bbb286175a99,/payments/charge,200,152.38,,Request completed within expected latency envelope.,58.1,62.43,44.74,7.01,eu-west-1,2026.07.1
2026-06-25T23:55:00+00:00,recommendation-service,prod-simulated,INFO,req-6078a7d241,trace-00f08967b16a,/recommendations/home,200,152.19,,Request completed within expected latency envelope.,65.59,67.06,33.6,6.82,us-west-2,2026.07.3
2026-06-25T23:55:00+00:00,database-service,prod-simulated,INFO,req-65af0dfa4a,trace-7444ea2f32fa,/query/users,200,78.23,,Request completed within expected latency envelope.,56.58,60.79,26.56,0.0,ap-south-1,2026.07.2
