service_name,deployment_version,event_type,timestamp,region,change_summary
database-service,2026.07.1,deploy,2026-06-25T22:00:00+00:00,us-west-2,Synthetic rollout for database-service version 1.
api-gateway,2026.07.1,deploy,2026-06-26T07:00:00+00:00,us-east-1,Synthetic rollout for api-gateway version 1.
notification-service,2026.07.1,deploy,2026-06-26T10:00:00+00:00,us-west-2,Synthetic rollout for notification-service version 1.
auth-service,2026.07.1,deploy,2026-06-26T10:00:00+00:00,us-west-2,Synthetic rollout for auth-service version 1.
worker-service,2026.07.1,deploy,2026-06-26T16:00:00+00:00,ap-south-1,Synthetic rollout for worker-service version 1.
recommendation-service,2026.07.1,deploy,2026-06-26T16:00:00+00:00,ap-south-1,Synthetic rollout for recommendation-service version 1.
payment-service,2026.07.1,deploy,2026-06-26T19:00:00+00:00,us-east-1,Synthetic rollout for payment-service version 1.
api-gateway,2026.07.2,deploy,2026-06-29T07:00:00+00:00,us-west-2,Synthetic rollout for api-gateway version 2.
payment-service,2026.07.2,deploy,2026-06-29T19:00:00+00:00,us-west-2,Synthetic rollout for payment-service version 2.
database-service,2026.07.2,deploy,2026-06-29T22:00:00+00:00,eu-west-1,Synthetic rollout for database-service version 2.
auth-service,2026.07.2,deploy,2026-06-30T10:00:00+00:00,eu-west-1,Synthetic rollout for auth-service version 2.
notification-service,2026.07.2,deploy,2026-06-30T10:00:00+00:00,eu-west-1,Synthetic rollout for notification-service version 2.
worker-service,2026.07.2,deploy,2026-06-30T16:00:00+00:00,us-east-1,Synthetic rollout for worker-service version 2.
recommendation-service,2026.07.2,deploy,2026-06-30T16:00:00+00:00,us-east-1,Synthetic rollout for recommendation-service version 2.
api-gateway,2026.07.3,deploy,2026-07-02T07:00:00+00:00,eu-west-1,Synthetic rollout for api-gateway version 3.
payment-service,2026.07.3,deploy,2026-07-02T19:00:00+00:00,eu-west-1,Synthetic rollout for payment-service version 3.
database-service,2026.07.3,deploy,2026-07-03T22:00:00+00:00,ap-south-1,Synthetic rollout for database-service version 3.
notification-service,2026.07.3,deploy,2026-07-04T10:00:00+00:00,ap-south-1,Synthetic rollout for notification-service version 3.
auth-service,2026.07.3,deploy,2026-07-04T10:00:00+00:00,ap-south-1,Synthetic rollout for auth-service version 3.
recommendation-service,2026.07.3,deploy,2026-07-04T16:00:00+00:00,us-west-2,Synthetic rollout for recommendation-service version 3.
worker-service,2026.07.3,deploy,2026-07-04T16:00:00+00:00,us-west-2,Synthetic rollout for worker-service version 3.
api-gateway,2026.07.4,deploy,2026-07-05T07:00:00+00:00,ap-south-1,Synthetic rollout for api-gateway version 4.
payment-service,2026.07.4,deploy,2026-07-05T19:00:00+00:00,ap-south-1,Synthetic rollout for payment-service version 4.
database-service,2026.07.4,deploy,2026-07-07T22:00:00+00:00,us-east-1,Synthetic rollout for database-service version 4.
api-gateway,2026.07.5,deploy,2026-07-08T07:00:00+00:00,us-east-1,Synthetic rollout for api-gateway version 5.
notification-service,2026.07.4,deploy,2026-07-08T10:00:00+00:00,us-east-1,Synthetic rollout for notification-service version 4.
auth-service,2026.07.4,deploy,2026-07-08T10:00:00+00:00,us-east-1,Synthetic rollout for auth-service version 4.
worker-service,2026.07.4,deploy,2026-07-08T16:00:00+00:00,eu-west-1,Synthetic rollout for worker-service version 4.
recommendation-service,2026.07.4,deploy,2026-07-08T16:00:00+00:00,eu-west-1,Synthetic rollout for recommendation-service version 4.
payment-service,2026.07.5,deploy,2026-07-08T19:00:00+00:00,us-east-1,Synthetic rollout for payment-service version 5.
